step,episode,ep_return,ep_length,ep_success,epsilon
25,1,0.1499999999999998,25,0,0.9848
50,2,0.7499999999999998,25,0,0.9689666666666666
75,3,-0.30000000000000004,25,0,0.9531333333333334
100,4,-0.8000000000000004,25,0,0.9373
125,5,-8.153200337090993e-17,25,0,0.9214666666666667
150,6,0.09999999999999992,25,0,0.9056333333333333
175,7,0.6999999999999998,25,0,0.8898
200,8,0.2499999999999999,25,0,0.8739666666666667
225,9,0.1999999999999998,25,0,0.8581333333333333
250,10,0.09999999999999994,25,0,0.8423
275,11,0.10000000000000002,25,0,0.8264666666666667
300,12,-0.30000000000000004,25,0,0.8106333333333333
325,13,0.7499999999999998,25,0,0.7948
350,14,0.5999999999999999,25,0,0.7789666666666667
375,15,0.049999999999999836,25,0,0.7631333333333333
400,16,0.09999999999999987,25,0,0.7473000000000001
425,17,-0.35000000000000003,25,0,0.7314666666666667
450,18,0.6999999999999997,25,0,0.7156333333333333
475,19,0.39999999999999997,25,0,0.6998
500,20,-0.5500000000000002,25,0,0.6839666666666666
525,21,0.8999999999999997,25,0,0.6681333333333334
550,22,0.7499999999999998,25,0,0.6523000000000001
575,23,-0.6500000000000001,25,0,0.6364666666666667
600,24,0.14999999999999986,25,0,0.6206333333333334
625,25,-0.15000000000000016,25,0,0.6048
625,25,,,,0.6048
650,26,-0.4500000000000002,25,0,0.5889666666666666
675,27,0.09999999999999985,25,0,0.5731333333333334
700,28,-0.5000000000000001,25,0,0.5573
725,29,-0.6000000000000001,25,0,0.5414666666666667
750,30,-0.4500000000000001,25,0,0.5256333333333334
775,31,0.7999999999999998,25,0,0.5098
800,32,0.44999999999999996,25,0,0.4939666666666668
825,33,-0.3000000000000001,25,0,0.4781333333333333
850,34,-0.6500000000000002,25,0,0.46230000000000004
875,35,-0.20000000000000023,25,0,0.4464666666666667
900,36,-0.6000000000000001,25,0,0.4306333333333333
925,37,-0.9500000000000004,25,0,0.41480000000000006
950,38,-0.5000000000000001,25,0,0.3989666666666667
975,39,0.2499999999999999,25,0,0.3831333333333333
1000,40,0.6999999999999997,25,0,0.36729999999999996
1025,41,-1.0500000000000005,25,0,0.3514666666666667
1050,42,0.2499999999999999,25,0,0.33563333333333334
1075,43,-0.8500000000000003,25,0,0.3198000000000001
1100,44,-0.4500000000000002,25,0,0.3039666666666667
1125,45,-0.65,25,0,0.28813333333333335
1150,46,0.2499999999999999,25,0,0.2723
1175,47,0.04999999999999992,25,0,0.25646666666666673
1200,48,-0.30000000000000016,25,0,0.24063333333333337
1225,49,-0.30000000000000004,25,0,0.2248000000000001
1250,50,-0.7000000000000003,25,0,0.20896666666666674
1250,50,,,,0.20896666666666674
1275,51,0.24999999999999978,25,0,0.19313333333333327
1300,52,0.1999999999999998,25,0,0.1773
1325,53,-0.25000000000000006,25,0,0.16146666666666665
1350,54,-0.25000000000000006,25,0,0.1456333333333334
1375,55,-0.8000000000000003,25,0,0.12980000000000003
1400,56,-0.25000000000000006,25,0,0.11396666666666677
1425,57,-0.09999999999999999,25,0,0.0981333333333333
1450,58,0.24999999999999978,25,0,0.08230000000000004
1475,59,0.19999999999999984,25,0,0.06646666666666667
1500,60,0.6499999999999999,25,0,0.05063333333333342
1525,61,-0.7000000000000002,25,0,0.05
1550,62,-1.3500000000000008,25,0,0.05
1575,63,-0.25000000000000006,25,0,0.05
1600,64,0.24999999999999992,25,0,0.05
1625,65,-0.25000000000000006,25,0,0.05
1650,66,-0.25000000000000006,25,0,0.05
1675,67,-0.3000000000000001,25,0,0.05
1700,68,-0.7000000000000002,25,0,0.05
1725,69,-0.25000000000000006,25,0,0.05
1750,70,0.24999999999999983,25,0,0.05
1775,71,-0.25000000000000006,25,0,0.05
1800,72,-1.0000000000000004,25,0,0.05
1825,73,0.24999999999999978,25,0,0.05
1850,74,-0.25000000000000006,25,0,0.05
1875,75,-0.55,25,0,0.05
1875,75,,,,0.05
1900,76,-0.15000000000000005,25,0,0.05
1925,77,0.24999999999999978,25,0,0.05
1950,78,-0.30000000000000016,25,0,0.05
1975,79,-0.25000000000000006,25,0,0.05
2000,80,-1.4500000000000008,25,0,0.05
2025,81,-0.9000000000000004,25,0,0.05
2050,82,-1.1500000000000006,25,0,0.05
2075,83,0.5499999999999992,25,0,0.05
2100,84,-1.0500000000000005,25,0,0.05
2125,85,-0.25000000000000006,25,0,0.05
2150,86,-0.2500000000000002,25,0,0.05
2175,87,-0.30000000000000016,25,0,0.05
2200,88,0.34999999999999964,25,0,0.05
2225,89,-0.6000000000000001,25,0,0.05
2250,90,-0.25000000000000006,25,0,0.05
2275,91,-0.25000000000000006,25,0,0.05
2300,92,0.24999999999999983,25,0,0.05
2325,93,-1.850000000000001,25,0,0.05
2350,94,0.5499999999999999,25,0,0.05
2375,95,-0.9000000000000004,25,0,0.05
2400,96,-0.25000000000000006,25,0,0.05
2425,97,-0.7500000000000002,25,0,0.05
2450,98,-0.10000000000000003,25,0,0.05
2475,99,-0.3000000000000001,25,0,0.05
2500,100,-1.1000000000000005,25,0,0.05
2500,100,,,,0.05
2525,101,-0.05000000000000039,25,0,0.05
2550,102,0.6999999999999997,25,0,0.05
2575,103,-1.3500000000000008,25,0,0.05
2600,104,-0.8000000000000003,25,0,0.05
2625,105,-1.1,25,0,0.05
2650,106,-2.5500000000000016,25,0,0.05
2675,107,-0.8000000000000003,25,0,0.05
2700,108,1.1999999999999997,25,0,0.05
2725,109,-1.2500000000000007,25,0,0.05
2750,110,-1.3000000000000007,25,0,0.05
2775,111,0.049999999999999815,25,0,0.05
2800,112,-1.2000000000000006,25,0,0.05
2825,113,-0.5000000000000001,25,0,0.05
2850,114,-1.2500000000000007,25,0,0.05
2875,115,-0.25000000000000006,25,0,0.05
2900,116,-0.25000000000000006,25,0,0.05
2925,117,-1.2000000000000006,25,0,0.05
2950,118,0.6999999999999997,25,0,0.05
2975,119,-0.25000000000000006,25,0,0.05
3000,120,0.14999999999999986,25,0,0.05
