arm,algo,env_graph,obs,n_agents,seed,run_dir,final
gnn_complete,gnn_qmix,complete,ego,6,0,D:\Codes\Github\when-graphs-help-marl\results\phaseC\N6_ego\gnn_complete__ego__N6__seed0,50.5625
gnn_complete,gnn_qmix,complete,ego,6,1,D:\Codes\Github\when-graphs-help-marl\results\phaseC\N6_ego\gnn_complete__ego__N6__seed1,52.577083333333334
gnn_complete,gnn_qmix,complete,ego,6,2,D:\Codes\Github\when-graphs-help-marl\results\phaseC\N6_ego\gnn_complete__ego__N6__seed2,52.641666666666666
gnn_complete,gnn_qmix,complete,ego,6,3,D:\Codes\Github\when-graphs-help-marl\results\phaseC\N6_ego\gnn_complete__ego__N6__seed3,50.61666666666667
gnn_complete,gnn_qmix,complete,ego,6,4,D:\Codes\Github\when-graphs-help-marl\results\phaseC\N6_ego\gnn_complete__ego__N6__seed4,51.89791666666667
gnn_complete,gnn_qmix,complete,ego,6,5,D:\Codes\Github\when-graphs-help-marl\results\phaseC\N6_ego\gnn_complete__ego__N6__seed5,50.97708333333333
gnn_complete,gnn_qmix,complete,ego,6,6,D:\Codes\Github\when-graphs-help-marl\results\phaseC\N6_ego\gnn_complete__ego__N6__seed6,49.88125
gnn_complete,gnn_qmix,complete,ego,6,7,D:\Codes\Github\when-graphs-help-marl\results\phaseC\N6_ego\gnn_complete__ego__N6__seed7,49.2
gnn_complete,gnn_qmix,complete,ego,6,8,D:\Codes\Github\when-graphs-help-marl\results\phaseC\N6_ego\gnn_complete__ego__N6__seed8,51.50833333333333
gnn_complete,gnn_qmix,complete,ego,6,9,D:\Codes\Github\when-graphs-help-marl\results\phaseC\N6_ego\gnn_complete__ego__N6__seed9,50.12083333333333
gnn_complete,gnn_qmix,complete,ego,6,10,D:\Codes\Github\when-graphs-help-marl\results\phaseC\N6_ego\gnn_complete__ego__N6__seed10,52.229166666666664
gnn_complete,gnn_qmix,complete,ego,6,11,D:\Codes\Github\when-graphs-help-marl\results\phaseC\N6_ego\gnn_complete__ego__N6__seed11,49.125
gnn_true,gnn_qmix,matching,ego,6,0,D:\Codes\Github\when-graphs-help-marl\results\phaseC\N6_ego\gnn_true__ego__N6__seed0,62.885416666666664
gnn_true,gnn_qmix,matching,ego,6,1,D:\Codes\Github\when-graphs-help-marl\results\phaseC\N6_ego\gnn_true__ego__N6__seed1,72.3875
gnn_true,gnn_qmix,matching,ego,6,2,D:\Codes\Github\when-graphs-help-marl\results\phaseC\N6_ego\gnn_true__ego__N6__seed2,66.89583333333333
gnn_true,gnn_qmix,matching,ego,6,3,D:\Codes\Github\when-graphs-help-marl\results\phaseC\N6_ego\gnn_true__ego__N6__seed3,68.50208333333333
gnn_true,gnn_qmix,matching,ego,6,4,D:\Codes\Github\when-graphs-help-marl\results\phaseC\N6_ego\gnn_true__ego__N6__seed4,66.16458333333334
gnn_true,gnn_qmix,matching,ego,6,5,D:\Codes\Github\when-graphs-help-marl\results\phaseC\N6_ego\gnn_true__ego__N6__seed5,61.670833333333334
gnn_true,gnn_qmix,matching,ego,6,6,D:\Codes\Github\when-graphs-help-marl\results\phaseC\N6_ego\gnn_true__ego__N6__seed6,72.69166666666666
gnn_true,gnn_qmix,matching,ego,6,7,D:\Codes\Github\when-graphs-help-marl\results\phaseC\N6_ego\gnn_true__ego__N6__seed7,61.50416666666667
gnn_true,gnn_qmix,matching,ego,6,8,D:\Codes\Github\when-graphs-help-marl\results\phaseC\N6_ego\gnn_true__ego__N6__seed8,68.16666666666667
gnn_true,gnn_qmix,matching,ego,6,9,D:\Codes\Github\when-graphs-help-marl\results\phaseC\N6_ego\gnn_true__ego__N6__seed9,62.74583333333333
gnn_true,gnn_qmix,matching,ego,6,10,D:\Codes\Github\when-graphs-help-marl\results\phaseC\N6_ego\gnn_true__ego__N6__seed10,67.73958333333333
gnn_true,gnn_qmix,matching,ego,6,11,D:\Codes\Github\when-graphs-help-marl\results\phaseC\N6_ego\gnn_true__ego__N6__seed11,61.889583333333334
gnn_wrong,gnn_qmix,matching_wrong,ego,6,0,D:\Codes\Github\when-graphs-help-marl\results\phaseC\N6_ego\gnn_wrong__ego__N6__seed0,48.68333333333333
gnn_wrong,gnn_qmix,matching_wrong,ego,6,1,D:\Codes\Github\when-graphs-help-marl\results\phaseC\N6_ego\gnn_wrong__ego__N6__seed1,50.141666666666666
gnn_wrong,gnn_qmix,matching_wrong,ego,6,2,D:\Codes\Github\when-graphs-help-marl\results\phaseC\N6_ego\gnn_wrong__ego__N6__seed2,51.91041666666667
gnn_wrong,gnn_qmix,matching_wrong,ego,6,3,D:\Codes\Github\when-graphs-help-marl\results\phaseC\N6_ego\gnn_wrong__ego__N6__seed3,49.99583333333333
gnn_wrong,gnn_qmix,matching_wrong,ego,6,4,D:\Codes\Github\when-graphs-help-marl\results\phaseC\N6_ego\gnn_wrong__ego__N6__seed4,51.66458333333333
gnn_wrong,gnn_qmix,matching_wrong,ego,6,5,D:\Codes\Github\when-graphs-help-marl\results\phaseC\N6_ego\gnn_wrong__ego__N6__seed5,50.25833333333333
gnn_wrong,gnn_qmix,matching_wrong,ego,6,6,D:\Codes\Github\when-graphs-help-marl\results\phaseC\N6_ego\gnn_wrong__ego__N6__seed6,51.1
gnn_wrong,gnn_qmix,matching_wrong,ego,6,7,D:\Codes\Github\when-graphs-help-marl\results\phaseC\N6_ego\gnn_wrong__ego__N6__seed7,50.15833333333333
gnn_wrong,gnn_qmix,matching_wrong,ego,6,8,D:\Codes\Github\when-graphs-help-marl\results\phaseC\N6_ego\gnn_wrong__ego__N6__seed8,49.175
gnn_wrong,gnn_qmix,matching_wrong,ego,6,9,D:\Codes\Github\when-graphs-help-marl\results\phaseC\N6_ego\gnn_wrong__ego__N6__seed9,50.920833333333334
gnn_wrong,gnn_qmix,matching_wrong,ego,6,10,D:\Codes\Github\when-graphs-help-marl\results\phaseC\N6_ego\gnn_wrong__ego__N6__seed10,50.989583333333336
gnn_wrong,gnn_qmix,matching_wrong,ego,6,11,D:\Codes\Github\when-graphs-help-marl\results\phaseC\N6_ego\gnn_wrong__ego__N6__seed11,49.99375
mlp,mlp_qmix,matching,ego,6,0,D:\Codes\Github\when-graphs-help-marl\results\phaseC\N6_ego\mlp__ego__N6__seed0,49.858333333333334
mlp,mlp_qmix,matching,ego,6,1,D:\Codes\Github\when-graphs-help-marl\results\phaseC\N6_ego\mlp__ego__N6__seed1,49.2125
mlp,mlp_qmix,matching,ego,6,2,D:\Codes\Github\when-graphs-help-marl\results\phaseC\N6_ego\mlp__ego__N6__seed2,50.802083333333336
mlp,mlp_qmix,matching,ego,6,3,D:\Codes\Github\when-graphs-help-marl\results\phaseC\N6_ego\mlp__ego__N6__seed3,51.28958333333333
mlp,mlp_qmix,matching,ego,6,4,D:\Codes\Github\when-graphs-help-marl\results\phaseC\N6_ego\mlp__ego__N6__seed4,50.59791666666667
mlp,mlp_qmix,matching,ego,6,5,D:\Codes\Github\when-graphs-help-marl\results\phaseC\N6_ego\mlp__ego__N6__seed5,49.3375
mlp,mlp_qmix,matching,ego,6,6,D:\Codes\Github\when-graphs-help-marl\results\phaseC\N6_ego\mlp__ego__N6__seed6,48.916666666666664
mlp,mlp_qmix,matching,ego,6,7,D:\Codes\Github\when-graphs-help-marl\results\phaseC\N6_ego\mlp__ego__N6__seed7,48.797916666666666
mlp,mlp_qmix,matching,ego,6,8,D:\Codes\Github\when-graphs-help-marl\results\phaseC\N6_ego\mlp__ego__N6__seed8,48.92916666666667
mlp,mlp_qmix,matching,ego,6,9,D:\Codes\Github\when-graphs-help-marl\results\phaseC\N6_ego\mlp__ego__N6__seed9,49.7875
mlp,mlp_qmix,matching,ego,6,10,D:\Codes\Github\when-graphs-help-marl\results\phaseC\N6_ego\mlp__ego__N6__seed10,50.35625
mlp,mlp_qmix,matching,ego,6,11,D:\Codes\Github\when-graphs-help-marl\results\phaseC\N6_ego\mlp__ego__N6__seed11,50.322916666666664
