arm,algo,env_graph,task,suite,obs,n_agents,seed,run_dir,final
gnn_complete,gnn_qmix,complete,pair,core,full,6,0,D:\Codes\Github\when-graphs-help-marl\results\phaseC\pair_N6_full\gnn_complete__pair_N6_full__seed0,50.43541666666667
gnn_complete,gnn_qmix,complete,pair,core,full,6,1,D:\Codes\Github\when-graphs-help-marl\results\phaseC\pair_N6_full\gnn_complete__pair_N6_full__seed1,50.860416666666666
gnn_complete,gnn_qmix,complete,pair,core,full,6,2,D:\Codes\Github\when-graphs-help-marl\results\phaseC\pair_N6_full\gnn_complete__pair_N6_full__seed2,49.79375
gnn_complete,gnn_qmix,complete,pair,core,full,6,3,D:\Codes\Github\when-graphs-help-marl\results\phaseC\pair_N6_full\gnn_complete__pair_N6_full__seed3,51.052083333333336
gnn_complete,gnn_qmix,complete,pair,core,full,6,4,D:\Codes\Github\when-graphs-help-marl\results\phaseC\pair_N6_full\gnn_complete__pair_N6_full__seed4,50.360416666666666
gnn_complete,gnn_qmix,complete,pair,core,full,6,5,D:\Codes\Github\when-graphs-help-marl\results\phaseC\pair_N6_full\gnn_complete__pair_N6_full__seed5,50.78125
gnn_complete,gnn_qmix,complete,pair,core,full,6,6,D:\Codes\Github\when-graphs-help-marl\results\phaseC\pair_N6_full\gnn_complete__pair_N6_full__seed6,49.20625
gnn_complete,gnn_qmix,complete,pair,core,full,6,7,D:\Codes\Github\when-graphs-help-marl\results\phaseC\pair_N6_full\gnn_complete__pair_N6_full__seed7,49.96666666666667
gnn_complete,gnn_qmix,complete,pair,core,full,6,8,D:\Codes\Github\when-graphs-help-marl\results\phaseC\pair_N6_full\gnn_complete__pair_N6_full__seed8,49.08125
gnn_complete,gnn_qmix,complete,pair,core,full,6,9,D:\Codes\Github\when-graphs-help-marl\results\phaseC\pair_N6_full\gnn_complete__pair_N6_full__seed9,49.58541666666667
gnn_complete,gnn_qmix,complete,pair,core,full,6,10,D:\Codes\Github\when-graphs-help-marl\results\phaseC\pair_N6_full\gnn_complete__pair_N6_full__seed10,50.09583333333333
gnn_complete,gnn_qmix,complete,pair,core,full,6,11,D:\Codes\Github\when-graphs-help-marl\results\phaseC\pair_N6_full\gnn_complete__pair_N6_full__seed11,51.12291666666667
gnn_true,gnn_qmix,matching,pair,core,full,6,0,D:\Codes\Github\when-graphs-help-marl\results\phaseC\pair_N6_full\gnn_true__pair_N6_full__seed0,74.65
gnn_true,gnn_qmix,matching,pair,core,full,6,1,D:\Codes\Github\when-graphs-help-marl\results\phaseC\pair_N6_full\gnn_true__pair_N6_full__seed1,83.84583333333333
gnn_true,gnn_qmix,matching,pair,core,full,6,2,D:\Codes\Github\when-graphs-help-marl\results\phaseC\pair_N6_full\gnn_true__pair_N6_full__seed2,62.71458333333333
gnn_true,gnn_qmix,matching,pair,core,full,6,3,D:\Codes\Github\when-graphs-help-marl\results\phaseC\pair_N6_full\gnn_true__pair_N6_full__seed3,76.78125
gnn_true,gnn_qmix,matching,pair,core,full,6,4,D:\Codes\Github\when-graphs-help-marl\results\phaseC\pair_N6_full\gnn_true__pair_N6_full__seed4,73.85833333333333
gnn_true,gnn_qmix,matching,pair,core,full,6,5,D:\Codes\Github\when-graphs-help-marl\results\phaseC\pair_N6_full\gnn_true__pair_N6_full__seed5,72.13958333333333
gnn_true,gnn_qmix,matching,pair,core,full,6,6,D:\Codes\Github\when-graphs-help-marl\results\phaseC\pair_N6_full\gnn_true__pair_N6_full__seed6,66.61041666666667
gnn_true,gnn_qmix,matching,pair,core,full,6,7,D:\Codes\Github\when-graphs-help-marl\results\phaseC\pair_N6_full\gnn_true__pair_N6_full__seed7,72.25208333333333
gnn_true,gnn_qmix,matching,pair,core,full,6,8,D:\Codes\Github\when-graphs-help-marl\results\phaseC\pair_N6_full\gnn_true__pair_N6_full__seed8,75.575
gnn_true,gnn_qmix,matching,pair,core,full,6,9,D:\Codes\Github\when-graphs-help-marl\results\phaseC\pair_N6_full\gnn_true__pair_N6_full__seed9,64.76458333333333
gnn_true,gnn_qmix,matching,pair,core,full,6,10,D:\Codes\Github\when-graphs-help-marl\results\phaseC\pair_N6_full\gnn_true__pair_N6_full__seed10,76.39166666666667
gnn_true,gnn_qmix,matching,pair,core,full,6,11,D:\Codes\Github\when-graphs-help-marl\results\phaseC\pair_N6_full\gnn_true__pair_N6_full__seed11,73.28958333333334
gnn_wrong,gnn_qmix,matching_wrong,pair,core,full,6,0,D:\Codes\Github\when-graphs-help-marl\results\phaseC\pair_N6_full\gnn_wrong__pair_N6_full__seed0,50.045833333333334
gnn_wrong,gnn_qmix,matching_wrong,pair,core,full,6,1,D:\Codes\Github\when-graphs-help-marl\results\phaseC\pair_N6_full\gnn_wrong__pair_N6_full__seed1,49.95625
gnn_wrong,gnn_qmix,matching_wrong,pair,core,full,6,2,D:\Codes\Github\when-graphs-help-marl\results\phaseC\pair_N6_full\gnn_wrong__pair_N6_full__seed2,50.87916666666667
gnn_wrong,gnn_qmix,matching_wrong,pair,core,full,6,3,D:\Codes\Github\when-graphs-help-marl\results\phaseC\pair_N6_full\gnn_wrong__pair_N6_full__seed3,50.12083333333333
gnn_wrong,gnn_qmix,matching_wrong,pair,core,full,6,4,D:\Codes\Github\when-graphs-help-marl\results\phaseC\pair_N6_full\gnn_wrong__pair_N6_full__seed4,49.510416666666664
gnn_wrong,gnn_qmix,matching_wrong,pair,core,full,6,5,D:\Codes\Github\when-graphs-help-marl\results\phaseC\pair_N6_full\gnn_wrong__pair_N6_full__seed5,50.3
gnn_wrong,gnn_qmix,matching_wrong,pair,core,full,6,6,D:\Codes\Github\when-graphs-help-marl\results\phaseC\pair_N6_full\gnn_wrong__pair_N6_full__seed6,50.889583333333334
gnn_wrong,gnn_qmix,matching_wrong,pair,core,full,6,7,D:\Codes\Github\when-graphs-help-marl\results\phaseC\pair_N6_full\gnn_wrong__pair_N6_full__seed7,49.77708333333333
gnn_wrong,gnn_qmix,matching_wrong,pair,core,full,6,8,D:\Codes\Github\when-graphs-help-marl\results\phaseC\pair_N6_full\gnn_wrong__pair_N6_full__seed8,50.1375
gnn_wrong,gnn_qmix,matching_wrong,pair,core,full,6,9,D:\Codes\Github\when-graphs-help-marl\results\phaseC\pair_N6_full\gnn_wrong__pair_N6_full__seed9,50.15625
gnn_wrong,gnn_qmix,matching_wrong,pair,core,full,6,10,D:\Codes\Github\when-graphs-help-marl\results\phaseC\pair_N6_full\gnn_wrong__pair_N6_full__seed10,50.475
gnn_wrong,gnn_qmix,matching_wrong,pair,core,full,6,11,D:\Codes\Github\when-graphs-help-marl\results\phaseC\pair_N6_full\gnn_wrong__pair_N6_full__seed11,50.141666666666666
mlp,mlp_qmix,matching,pair,core,full,6,0,D:\Codes\Github\when-graphs-help-marl\results\phaseC\pair_N6_full\mlp__pair_N6_full__seed0,50.15416666666667
mlp,mlp_qmix,matching,pair,core,full,6,1,D:\Codes\Github\when-graphs-help-marl\results\phaseC\pair_N6_full\mlp__pair_N6_full__seed1,49.12708333333333
mlp,mlp_qmix,matching,pair,core,full,6,2,D:\Codes\Github\when-graphs-help-marl\results\phaseC\pair_N6_full\mlp__pair_N6_full__seed2,52.802083333333336
mlp,mlp_qmix,matching,pair,core,full,6,3,D:\Codes\Github\when-graphs-help-marl\results\phaseC\pair_N6_full\mlp__pair_N6_full__seed3,49.90625
mlp,mlp_qmix,matching,pair,core,full,6,4,D:\Codes\Github\when-graphs-help-marl\results\phaseC\pair_N6_full\mlp__pair_N6_full__seed4,50.94583333333333
mlp,mlp_qmix,matching,pair,core,full,6,5,D:\Codes\Github\when-graphs-help-marl\results\phaseC\pair_N6_full\mlp__pair_N6_full__seed5,50.27708333333333
mlp,mlp_qmix,matching,pair,core,full,6,6,D:\Codes\Github\when-graphs-help-marl\results\phaseC\pair_N6_full\mlp__pair_N6_full__seed6,49.80416666666667
mlp,mlp_qmix,matching,pair,core,full,6,7,D:\Codes\Github\when-graphs-help-marl\results\phaseC\pair_N6_full\mlp__pair_N6_full__seed7,49.35208333333333
mlp,mlp_qmix,matching,pair,core,full,6,8,D:\Codes\Github\when-graphs-help-marl\results\phaseC\pair_N6_full\mlp__pair_N6_full__seed8,49.016666666666666
mlp,mlp_qmix,matching,pair,core,full,6,9,D:\Codes\Github\when-graphs-help-marl\results\phaseC\pair_N6_full\mlp__pair_N6_full__seed9,49.24583333333333
mlp,mlp_qmix,matching,pair,core,full,6,10,D:\Codes\Github\when-graphs-help-marl\results\phaseC\pair_N6_full\mlp__pair_N6_full__seed10,49.95
mlp,mlp_qmix,matching,pair,core,full,6,11,D:\Codes\Github\when-graphs-help-marl\results\phaseC\pair_N6_full\mlp__pair_N6_full__seed11,50.89791666666667
