arm,algo,env_graph,n_agents,seed,run_dir,steps,n_episodes,final
gnn_complete,gnn_qmix,complete,6,0,D:\Codes\Github\when-graphs-help-marl\results\phaseD\token_N6\gnn_complete__token_N6__seed0,30000,3000,23.89
gnn_complete,gnn_qmix,complete,6,1,D:\Codes\Github\when-graphs-help-marl\results\phaseD\token_N6\gnn_complete__token_N6__seed1,30000,3000,24.625
gnn_complete,gnn_qmix,complete,6,2,D:\Codes\Github\when-graphs-help-marl\results\phaseD\token_N6\gnn_complete__token_N6__seed2,30000,3000,24.33
gnn_complete,gnn_qmix,complete,6,3,D:\Codes\Github\when-graphs-help-marl\results\phaseD\token_N6\gnn_complete__token_N6__seed3,30000,3000,24.865
gnn_complete,gnn_qmix,complete,6,4,D:\Codes\Github\when-graphs-help-marl\results\phaseD\token_N6\gnn_complete__token_N6__seed4,30000,3000,25.296666666666667
gnn_complete,gnn_qmix,complete,6,5,D:\Codes\Github\when-graphs-help-marl\results\phaseD\token_N6\gnn_complete__token_N6__seed5,30000,3000,23.616666666666667
gnn_complete,gnn_qmix,complete,6,6,D:\Codes\Github\when-graphs-help-marl\results\phaseD\token_N6\gnn_complete__token_N6__seed6,30000,3000,24.8
gnn_complete,gnn_qmix,complete,6,7,D:\Codes\Github\when-graphs-help-marl\results\phaseD\token_N6\gnn_complete__token_N6__seed7,30000,3000,24.293333333333333
gnn_complete,gnn_qmix,complete,6,8,D:\Codes\Github\when-graphs-help-marl\results\phaseD\token_N6\gnn_complete__token_N6__seed8,30000,3000,23.953333333333333
gnn_complete,gnn_qmix,complete,6,9,D:\Codes\Github\when-graphs-help-marl\results\phaseD\token_N6\gnn_complete__token_N6__seed9,30000,3000,24.971666666666668
gnn_complete,gnn_qmix,complete,6,10,D:\Codes\Github\when-graphs-help-marl\results\phaseD\token_N6\gnn_complete__token_N6__seed10,30000,3000,24.595
gnn_complete,gnn_qmix,complete,6,11,D:\Codes\Github\when-graphs-help-marl\results\phaseD\token_N6\gnn_complete__token_N6__seed11,30000,3000,24.725
gnn_true,gnn_qmix,matching,6,0,D:\Codes\Github\when-graphs-help-marl\results\phaseD\token_N6\gnn_true__token_N6__seed0,30000,3000,57.55166666666667
gnn_true,gnn_qmix,matching,6,1,D:\Codes\Github\when-graphs-help-marl\results\phaseD\token_N6\gnn_true__token_N6__seed1,30000,3000,57.711666666666666
gnn_true,gnn_qmix,matching,6,2,D:\Codes\Github\when-graphs-help-marl\results\phaseD\token_N6\gnn_true__token_N6__seed2,30000,3000,57.55166666666667
gnn_true,gnn_qmix,matching,6,3,D:\Codes\Github\when-graphs-help-marl\results\phaseD\token_N6\gnn_true__token_N6__seed3,30000,3000,57.663333333333334
gnn_true,gnn_qmix,matching,6,4,D:\Codes\Github\when-graphs-help-marl\results\phaseD\token_N6\gnn_true__token_N6__seed4,30000,3000,57.498333333333335
gnn_true,gnn_qmix,matching,6,5,D:\Codes\Github\when-graphs-help-marl\results\phaseD\token_N6\gnn_true__token_N6__seed5,30000,3000,57.598333333333336
gnn_true,gnn_qmix,matching,6,6,D:\Codes\Github\when-graphs-help-marl\results\phaseD\token_N6\gnn_true__token_N6__seed6,30000,3000,57.65833333333333
gnn_true,gnn_qmix,matching,6,7,D:\Codes\Github\when-graphs-help-marl\results\phaseD\token_N6\gnn_true__token_N6__seed7,30000,3000,57.61666666666667
gnn_true,gnn_qmix,matching,6,8,D:\Codes\Github\when-graphs-help-marl\results\phaseD\token_N6\gnn_true__token_N6__seed8,30000,3000,57.525
gnn_true,gnn_qmix,matching,6,9,D:\Codes\Github\when-graphs-help-marl\results\phaseD\token_N6\gnn_true__token_N6__seed9,30000,3000,57.538333333333334
gnn_true,gnn_qmix,matching,6,10,D:\Codes\Github\when-graphs-help-marl\results\phaseD\token_N6\gnn_true__token_N6__seed10,30000,3000,57.635
gnn_true,gnn_qmix,matching,6,11,D:\Codes\Github\when-graphs-help-marl\results\phaseD\token_N6\gnn_true__token_N6__seed11,30000,3000,57.565
gnn_wrong,gnn_qmix,matching_wrong,6,0,D:\Codes\Github\when-graphs-help-marl\results\phaseD\token_N6\gnn_wrong__token_N6__seed0,30000,3000,12.22
gnn_wrong,gnn_qmix,matching_wrong,6,1,D:\Codes\Github\when-graphs-help-marl\results\phaseD\token_N6\gnn_wrong__token_N6__seed1,30000,3000,12.758333333333333
gnn_wrong,gnn_qmix,matching_wrong,6,2,D:\Codes\Github\when-graphs-help-marl\results\phaseD\token_N6\gnn_wrong__token_N6__seed2,30000,3000,11.981666666666667
gnn_wrong,gnn_qmix,matching_wrong,6,3,D:\Codes\Github\when-graphs-help-marl\results\phaseD\token_N6\gnn_wrong__token_N6__seed3,30000,3000,12.208333333333334
gnn_wrong,gnn_qmix,matching_wrong,6,4,D:\Codes\Github\when-graphs-help-marl\results\phaseD\token_N6\gnn_wrong__token_N6__seed4,30000,3000,11.655
gnn_wrong,gnn_qmix,matching_wrong,6,5,D:\Codes\Github\when-graphs-help-marl\results\phaseD\token_N6\gnn_wrong__token_N6__seed5,30000,3000,12.185
gnn_wrong,gnn_qmix,matching_wrong,6,6,D:\Codes\Github\when-graphs-help-marl\results\phaseD\token_N6\gnn_wrong__token_N6__seed6,30000,3000,12.06
gnn_wrong,gnn_qmix,matching_wrong,6,7,D:\Codes\Github\when-graphs-help-marl\results\phaseD\token_N6\gnn_wrong__token_N6__seed7,30000,3000,12.033333333333333
gnn_wrong,gnn_qmix,matching_wrong,6,8,D:\Codes\Github\when-graphs-help-marl\results\phaseD\token_N6\gnn_wrong__token_N6__seed8,30000,3000,12.0
gnn_wrong,gnn_qmix,matching_wrong,6,9,D:\Codes\Github\when-graphs-help-marl\results\phaseD\token_N6\gnn_wrong__token_N6__seed9,30000,3000,12.325
gnn_wrong,gnn_qmix,matching_wrong,6,10,D:\Codes\Github\when-graphs-help-marl\results\phaseD\token_N6\gnn_wrong__token_N6__seed10,30000,3000,11.666666666666666
gnn_wrong,gnn_qmix,matching_wrong,6,11,D:\Codes\Github\when-graphs-help-marl\results\phaseD\token_N6\gnn_wrong__token_N6__seed11,30000,3000,11.206666666666667
mlp,mlp_qmix,matching,6,0,D:\Codes\Github\when-graphs-help-marl\results\phaseD\token_N6\mlp__token_N6__seed0,30000,3000,12.39
mlp,mlp_qmix,matching,6,1,D:\Codes\Github\when-graphs-help-marl\results\phaseD\token_N6\mlp__token_N6__seed1,30000,3000,12.645
mlp,mlp_qmix,matching,6,2,D:\Codes\Github\when-graphs-help-marl\results\phaseD\token_N6\mlp__token_N6__seed2,30000,3000,11.536666666666667
mlp,mlp_qmix,matching,6,3,D:\Codes\Github\when-graphs-help-marl\results\phaseD\token_N6\mlp__token_N6__seed3,30000,3000,11.771666666666667
mlp,mlp_qmix,matching,6,4,D:\Codes\Github\when-graphs-help-marl\results\phaseD\token_N6\mlp__token_N6__seed4,30000,3000,11.775
mlp,mlp_qmix,matching,6,5,D:\Codes\Github\when-graphs-help-marl\results\phaseD\token_N6\mlp__token_N6__seed5,30000,3000,11.681666666666667
mlp,mlp_qmix,matching,6,6,D:\Codes\Github\when-graphs-help-marl\results\phaseD\token_N6\mlp__token_N6__seed6,30000,3000,11.921666666666667
mlp,mlp_qmix,matching,6,7,D:\Codes\Github\when-graphs-help-marl\results\phaseD\token_N6\mlp__token_N6__seed7,30000,3000,11.27
mlp,mlp_qmix,matching,6,8,D:\Codes\Github\when-graphs-help-marl\results\phaseD\token_N6\mlp__token_N6__seed8,30000,3000,12.005
mlp,mlp_qmix,matching,6,9,D:\Codes\Github\when-graphs-help-marl\results\phaseD\token_N6\mlp__token_N6__seed9,30000,3000,12.158333333333333
mlp,mlp_qmix,matching,6,10,D:\Codes\Github\when-graphs-help-marl\results\phaseD\token_N6\mlp__token_N6__seed10,30000,3000,11.836666666666666
mlp,mlp_qmix,matching,6,11,D:\Codes\Github\when-graphs-help-marl\results\phaseD\token_N6\mlp__token_N6__seed11,30000,3000,11.843333333333334
