step,episode,kind,ep_return,ep_length,ep_success,rolling_success_100,epsilon,loss,q_mean,q_tot_mean,eval_return_mean,eval_return_std,eval_success_rate,eval_length_mean
40,1,train,-1.3166666666666669,40,0,0.0,0.99753,,,,,,,
80,2,train,-1.2333333333333334,40,0,0.0,0.9949966666666666,,,,,,,
120,3,train,-0.11666666666666672,40,0,0.0,0.9924633333333334,,,,,,,
160,4,train,-0.8333333333333333,40,0,0.0,0.98993,,,,,,,
200,5,train,0.5499999999999998,40,0,0.0,0.9873966666666667,,,,,,,
240,6,train,-0.65,40,0,0.0,0.9848633333333333,,,,,,,
280,7,train,0.8166666666666667,40,0,0.0,0.98233,,,,,,,
320,8,train,0.8500000000000003,40,0,0.0,0.9797966666666666,,,,,,,
360,9,train,-0.6000000000000001,40,0,0.0,0.9772633333333334,,,,,,,
400,10,train,1.516666666666667,40,0,0.0,0.97473,,,,,,,
440,11,train,-0.7499999999999998,40,0,0.0,0.9721966666666667,,,,,,,
480,12,train,0.23333333333333361,40,0,0.0,0.9696633333333333,,,,,,,
520,13,train,0.09999999999999992,40,0,0.0,0.96713,,,,,,,
560,14,train,-0.8166666666666667,40,0,0.0,0.9645966666666667,,,,,,,
600,15,train,1.1833333333333331,40,0,0.0,0.9620633333333334,,,,,,,
640,16,train,-0.06666666666666665,40,0,0.0,0.95953,,,,,,,
680,17,train,-0.8333333333333334,40,0,0.0,0.9569966666666667,,,,,,,
720,18,train,0.1999999999999999,40,0,0.0,0.9544633333333333,,,,,,,
760,19,train,0.21666666666666645,40,0,0.0,0.95193,,,,,,,
800,20,train,-0.3833333333333335,40,0,0.0,0.9493966666666667,,,,,,,
840,21,train,-0.3333333333333335,40,0,0.0,0.9468633333333334,,,,,,,
880,22,train,-0.6499999999999995,40,0,0.0,0.94433,,,,,,,
920,23,train,-1.1833333333333336,40,0,0.0,0.9417966666666666,,,,,,,
960,24,train,-0.16666666666666685,40,0,0.0,0.9392633333333333,,,,,,,
1000,25,train,-1.3500000000000003,40,0,0.0,0.93673,0.00990538764744997,,0.001902097836136818,,,,
1040,26,train,0.6666666666666667,40,0,0.0,0.9341966666666667,0.014921994879841805,,0.002171098254621029,,,,
1080,27,train,-1.4000000000000006,40,0,0.0,0.9316633333333333,0.020542601123452187,,0.0019682873971760273,,,,
1120,28,train,-1.4333333333333333,40,0,0.0,0.92913,0.004941350314766169,,0.01074481662362814,,,,
1160,29,train,-0.6666666666666665,40,0,0.0,0.9265966666666666,0.01248836237937212,,0.009975294582545757,,,,
1200,30,train,0.333333333333333,40,0,0.0,0.9240633333333333,0.013075576163828373,,-0.0049879346042871475,,,,
1240,31,train,-0.5,40,0,0.0,0.92153,0.006784718483686447,,0.03857361897826195,,,,
1280,32,train,-1.85,40,0,0.0,0.9189966666666667,0.018976589664816856,,0.028140973299741745,,,,
1320,33,train,-0.8333333333333336,40,0,0.0,0.9164633333333333,0.0198076069355011,,0.036531075835227966,,,,
1360,34,train,0.20000000000000012,40,0,0.0,0.91393,0.032105639576911926,,0.049833595752716064,,,,
1400,35,train,0.6333333333333334,40,0,0.0,0.9113966666666666,0.017187338322401047,,0.035464026033878326,,,,
1440,36,train,0.5333333333333332,40,0,0.0,0.9088633333333334,0.007789444178342819,,0.15719160437583923,,,,
1480,37,train,0.8166666666666667,40,0,0.0,0.90633,0.01826286129653454,,0.12418967485427856,,,,
1520,38,train,0.7500000000000001,40,0,0.0,0.9037966666666667,0.013626947067677975,,0.13833920657634735,,,,
1560,39,train,0.6833333333333333,40,0,0.0,0.9012633333333333,0.01955961249768734,,0.1606377214193344,,,,
1600,40,train,0.15000000000000002,40,0,0.0,0.89873,0.018803158774971962,,0.12259166687726974,,,,
1640,41,train,2.706168622523819e-16,40,0,0.0,0.8961966666666666,0.014343666844069958,,0.2084846943616867,,,,
1680,42,train,0.8499999999999999,40,0,0.0,0.8936633333333334,0.02064904384315014,,0.25258877873420715,,,,
1720,43,train,-0.6499999999999998,40,0,0.0,0.89113,0.006852169521152973,,0.21110567450523376,,,,
1760,44,train,0.7166666666666667,40,0,0.0,0.8885966666666667,0.025169968605041504,,0.24070750176906586,,,,
1800,45,train,1.0666666666666667,40,0,0.0,0.8860633333333333,0.03892192617058754,,0.25015386939048767,,,,
1840,46,train,-0.35000000000000014,40,0,0.0,0.88353,0.047922391444444656,,0.3878542184829712,,,,
1880,47,train,-0.7666666666666664,40,0,0.0,0.8809966666666667,0.028233960270881653,,0.37011441588401794,,,,
1920,48,train,0.8166666666666665,40,0,0.0,0.8784633333333334,0.019791796803474426,,0.3798280358314514,,,,
1960,49,train,0.7833333333333334,40,0,0.0,0.87593,0.02480177767574787,,0.3904150128364563,,,,
2000,50,train,-0.01666666666666644,40,0,0.0,0.8733966666666666,0.0687788799405098,,0.41481226682662964,,,,
2040,51,train,1.2833333333333334,40,0,0.0,0.8708633333333333,0.02873523160815239,,0.5724128484725952,,,,
2080,52,train,-0.31666666666666676,40,0,0.0,0.86833,0.023769665509462357,,0.6085553765296936,,,,
2120,53,train,1.0333333333333334,40,0,0.0,0.8657966666666667,0.023143578320741653,,0.5230611562728882,,,,
2160,54,train,0.2833333333333335,40,0,0.0,0.8632633333333334,0.008604627102613449,,0.5229668021202087,,,,
2200,55,train,-0.11666666666666686,40,0,0.0,0.86073,0.049068547785282135,,0.4965569078922272,,,,
2240,56,train,0.1,40,0,0.0,0.8581966666666667,0.03754238411784172,,0.636853039264679,,,,
2280,57,train,0.7833333333333339,40,0,0.0,0.8556633333333333,0.0357203409075737,,0.6118913888931274,,,,
2320,58,train,0.3666666666666666,40,0,0.0,0.85313,0.02086208574473858,,0.7073743343353271,,,,
2360,59,train,1.400000000000001,40,0,0.0,0.8505966666666667,0.04203452169895172,,0.6902000904083252,,,,
2400,60,train,-0.7833333333333331,40,0,0.0,0.8480633333333334,0.06948604434728622,,0.6784871220588684,,,,
2440,61,train,-0.18333333333333357,40,0,0.0,0.84553,0.041854552924633026,,0.8901957273483276,,,,
2480,62,train,0.40000000000000036,40,0,0.0,0.8429966666666666,0.01371749583631754,,0.8027046918869019,,,,
2520,63,train,-0.11666666666666697,40,0,0.0,0.8404633333333333,0.033514611423015594,,0.7780425548553467,,,,
2560,64,train,0.5,40,0,0.0,0.8379300000000001,0.0413103811442852,,0.7171808481216431,,,,
2600,65,train,-0.3999999999999999,40,0,0.0,0.8353966666666667,0.10852041095495224,,0.8264113664627075,,,,
2640,66,train,-0.13333333333333336,40,0,0.0,0.8328633333333333,0.08039262890815735,,1.000199317932129,,,,
2680,67,train,0.7166666666666667,40,0,0.0,0.83033,0.03175324201583862,,1.0590718984603882,,,,
2720,68,train,0.7166666666666663,40,0,0.0,0.8277966666666667,0.06646905094385147,,1.0524792671203613,,,,
2760,69,train,1.3166666666666669,40,0,0.0,0.8252633333333333,0.030142400413751602,,0.9493178725242615,,,,
2800,70,train,0.2166666666666665,40,0,0.0,0.82273,0.05086414888501167,,0.9302794933319092,,,,
2840,71,train,0.2666666666666665,40,0,0.0,0.8201966666666667,0.026128720492124557,,1.1720037460327148,,,,
2880,72,train,0.1,40,0,0.0,0.8176633333333333,0.09274682402610779,,1.133890986442566,,,,
2920,73,train,-0.4333333333333333,40,0,0.0,0.81513,0.022863471880555153,,1.127226710319519,,,,
2960,74,train,0.2166666666666665,40,0,0.0,0.8125966666666666,0.04438602179288864,,1.1684699058532715,,,,
3000,75,train,-1.5333333333333337,40,0,0.0,0.8100633333333334,0.08586804568767548,,1.08480703830719,,,,
3040,76,train,0.4333333333333332,40,0,0.0,0.80753,0.08706773072481155,,1.2374582290649414,,,,
3080,77,train,0.9666666666666671,40,0,0.0,0.8049966666666667,0.01876349002122879,,1.2786412239074707,,,,
3120,78,train,-0.38333333333333336,40,0,0.0,0.8024633333333333,0.06298033148050308,,1.254711627960205,,,,
3160,79,train,0.5499999999999998,40,0,0.0,0.79993,0.07720689475536346,,1.2124004364013672,,,,
3200,80,train,-1.0500000000000003,40,0,0.0,0.7973966666666666,0.08645498752593994,,1.282264232635498,,,,
3240,81,train,-0.6833333333333333,40,0,0.0,0.7948633333333334,0.02748715505003929,,1.4300357103347778,,,,
3280,82,train,-0.2000000000000001,40,0,0.0,0.79233,0.02097538858652115,,1.4781451225280762,,,,
3320,83,train,0.16666666666666657,40,0,0.0,0.7897966666666667,0.040941521525382996,,1.3542861938476562,,,,
3360,84,train,0.016666666666666587,40,0,0.0,0.7872633333333333,0.19117580354213715,,1.3730957508087158,,,,
3400,85,train,-0.23333333333333356,40,0,0.0,0.78473,0.054640382528305054,,1.5252019166946411,,,,
3440,86,train,1.05,40,0,0.0,0.7821966666666667,0.07205751538276672,,1.665574312210083,,,,
3480,87,train,-0.08333333333333343,40,0,0.0,0.7796633333333334,0.06231875717639923,,1.507710576057434,,,,
3520,88,train,0.1499999999999998,40,0,0.0,0.77713,0.031233128160238266,,1.68034827709198,,,,
3560,89,train,0.9666666666666668,40,0,0.0,0.7745966666666667,0.032868921756744385,,1.6073200702667236,,,,
3600,90,train,-2.033333333333334,40,0,0.0,0.7720633333333333,0.25708651542663574,,1.605452299118042,,,,
3640,91,train,-0.4500000000000001,40,0,0.0,0.76953,0.06093035265803337,,1.8823261260986328,,,,
3680,92,train,1.0333333333333337,40,0,0.0,0.7669966666666667,0.025229495018720627,,1.7402604818344116,,,,
3720,93,train,0.11666666666666636,40,0,0.0,0.7644633333333333,0.028734464198350906,,1.7476264238357544,,,,
3760,94,train,0.7000000000000004,40,0,0.0,0.76193,0.029419047757983208,,1.8575475215911865,,,,
3800,95,train,0.13333333333333314,40,0,0.0,0.7593966666666667,0.17200306057929993,,1.8507144451141357,,,,
3840,96,train,-0.36666666666666703,40,0,0.0,0.7568633333333333,0.11949963867664337,,1.9492634534835815,,,,
3880,97,train,-1.0166666666666668,40,0,0.0,0.7543300000000001,0.07419005036354065,,2.0263967514038086,,,,
3920,98,train,0.8166666666666665,40,0,0.0,0.7517966666666667,0.12052926421165466,,1.9630262851715088,,,,
3960,99,train,-0.4333333333333335,40,0,0.0,0.7492633333333334,0.09246156364679337,,2.0634703636169434,,,,
4000,100,train,0.08333333333333307,40,0,0.0,0.74673,0.1192702203989029,,1.9915173053741455,,,,
4000,100,eval,,,,,0.74673,,,,-1.1975000000000002,1.1734715235857522,0.0,40.0
4040,101,train,0.7500000000000006,40,0,0.0,0.7441966666666666,0.06296741962432861,,2.3061461448669434,,,,
4080,102,train,-0.65,40,0,0.0,0.7416633333333333,0.03332320973277092,,2.2324435710906982,,,,
4120,103,train,-0.13333333333333316,40,0,0.0,0.7391300000000001,0.13191483914852142,,2.0227558612823486,,,,
4160,104,train,0.1833333333333334,40,0,0.0,0.7365966666666667,0.2509883642196655,,2.210038185119629,,,,
4200,105,train,0.45,40,0,0.0,0.7340633333333333,0.21091051399707794,,2.2252864837646484,,,,
4240,106,train,-0.4000000000000001,40,0,0.0,0.73153,0.1854400932788849,,2.380558729171753,,,,
4280,107,train,-0.9166666666666669,40,0,0.0,0.7289966666666667,0.03661452978849411,,2.5742273330688477,,,,
4320,108,train,-1.6306400674181987e-16,40,0,0.0,0.7264633333333333,0.13624638319015503,,2.550968647003174,,,,
4360,109,train,1.2666666666666673,40,0,0.0,0.72393,0.15377967059612274,,2.5132341384887695,,,,
4400,110,train,-1.7000000000000004,40,0,0.0,0.7213966666666667,0.4663691520690918,,2.531485080718994,,,,
4440,111,train,-0.03333333333333345,40,0,0.0,0.7188633333333334,0.16446681320667267,,2.9356446266174316,,,,
4480,112,train,0.09999999999999981,40,0,0.0,0.71633,0.04732257127761841,,2.664799213409424,,,,
4520,113,train,-1.8666666666666671,40,0,0.0,0.7137966666666666,0.23666301369667053,,2.6534876823425293,,,,
4560,114,train,0.3833333333333332,40,0,0.0,0.7112633333333334,0.44493305683135986,,3.0664515495300293,,,,
4600,115,train,-1.2000000000000002,40,0,0.0,0.7087300000000001,0.2423964887857437,,2.6032464504241943,,,,
4640,116,train,-0.9499999999999998,40,0,0.0,0.7061966666666666,0.0372241735458374,,2.8707427978515625,,,,
4680,117,train,-0.8999999999999996,40,0,0.0,0.7036633333333333,0.1217002421617508,,2.800633668899536,,,,
4720,118,train,0.1999999999999999,40,0,0.0,0.70113,0.44827401638031006,,2.8182122707366943,,,,
4760,119,train,-1.633333333333333,40,0,0.0,0.6985966666666668,0.14316844940185547,,2.9473273754119873,,,,
4800,120,train,-0.8166666666666669,40,0,0.0,0.6960633333333333,0.25516486167907715,,2.7696990966796875,,,,
4840,121,train,0.48333333333333334,40,0,0.0,0.69353,0.793266236782074,,3.278207778930664,,,,
4880,122,train,-1.1833333333333336,40,0,0.0,0.6909966666666667,0.06299405544996262,,3.401569366455078,,,,
4920,123,train,0.7,40,0,0.0,0.6884633333333333,0.2794518768787384,,3.1974806785583496,,,,
4960,124,train,0.43333333333333407,40,0,0.0,0.6859299999999999,0.30459579825401306,,3.275667667388916,,,,
5000,125,train,-0.4,40,0,0.0,0.6833966666666667,0.1790665239095688,,3.2317471504211426,,,,
5040,126,train,-1.1796119636642288e-16,40,0,0.0,0.6808633333333334,0.3253898024559021,,3.400031566619873,,,,
5080,127,train,-0.30000000000000004,40,0,0.0,0.67833,0.4056088924407959,,3.3008875846862793,,,,
5120,128,train,-0.3666666666666666,40,0,0.0,0.6757966666666667,0.25586727261543274,,3.1851730346679688,,,,
5160,129,train,-0.6166666666666665,40,0,0.0,0.6732633333333333,0.3204955458641052,,3.31087064743042,,,,
5200,130,train,-0.6833333333333331,40,0,0.0,0.67073,0.28288376331329346,,3.197086811065674,,,,
5240,131,train,-0.03333333333333342,40,0,0.0,0.6681966666666667,0.08315768837928772,,3.737893581390381,,,,
5280,132,train,-0.5000000000000001,40,0,0.0,0.6656633333333334,0.07293494045734406,,3.6480441093444824,,,,
5320,133,train,-0.8833333333333331,40,0,0.0,0.66313,0.5492819547653198,,3.6646125316619873,,,,
5360,134,train,0.5333333333333334,40,0,0.0,0.6605966666666667,0.3380018472671509,,3.756049871444702,,,,
5400,135,train,0.1999999999999999,40,0,0.0,0.6580633333333333,0.34816354513168335,,3.746647357940674,,,,
5440,136,train,1.2333333333333338,40,0,0.0,0.6555300000000001,0.15893295407295227,,3.9333951473236084,,,,
5480,137,train,-0.3,40,0,0.0,0.6529966666666667,0.6418578028678894,,3.7568070888519287,,,,
5520,138,train,0.43333333333333346,40,0,0.0,0.6504633333333334,0.1253109574317932,,4.018684387207031,,,,
5560,139,train,-0.8833333333333332,40,0,0.0,0.64793,0.06856653094291687,,3.9287731647491455,,,,
5600,140,train,0.2833333333333337,40,0,0.0,0.6453966666666666,0.22574344277381897,,3.8409674167633057,,,,
5640,141,train,0.7999999999999999,40,0,0.0,0.6428633333333333,1.4007691144943237,,4.392155647277832,,,,
5680,142,train,-0.18333333333333335,40,0,0.0,0.6403300000000001,0.10713516175746918,,4.37200403213501,,,,
5720,143,train,0.9333333333333336,40,0,0.0,0.6377966666666668,0.3629053235054016,,4.46100378036499,,,,
5760,144,train,-0.23333333333333384,40,0,0.0,0.6352633333333333,0.7745676636695862,,4.267395973205566,,,,
5800,145,train,1.266666666666667,40,0,0.0,0.63273,0.8402854800224304,,4.622984886169434,,,,
5840,146,train,-0.1666666666666667,40,0,0.0,0.6301966666666667,0.9700175523757935,,4.570329666137695,,,,
5880,147,train,-0.016666666666666552,40,0,0.0,0.6276633333333334,0.7134624123573303,,4.259970664978027,,,,
5920,148,train,-0.3166666666666668,40,0,0.0,0.62513,0.43196141719818115,,4.655632495880127,,,,
5960,149,train,-0.9500000000000001,40,0,0.0,0.6225966666666667,1.8812669515609741,,4.71802282333374,,,,
6000,150,train,-0.2500000000000001,40,0,0.0,0.6200633333333334,1.5179448127746582,,4.930533409118652,,,,
6040,151,train,-1.1000000000000003,40,0,0.0,0.61753,2.1091697216033936,,5.194578170776367,,,,
6080,152,train,0.2666666666666669,40,0,0.0,0.6149966666666666,1.017924189567566,,5.02812385559082,,,,
6120,153,train,-0.8666666666666665,40,0,0.0,0.6124633333333334,0.09869485348463058,,4.948163032531738,,,,
6160,154,train,-0.6166666666666669,40,0,0.0,0.60993,0.09681148082017899,,5.38748836517334,,,,
6200,155,train,-0.40000000000000024,40,0,0.0,0.6073966666666667,0.2608589828014374,,4.954073905944824,,,,
6240,156,train,0.34999999999999987,40,0,0.0,0.6048633333333333,1.561260461807251,,4.842411994934082,,,,
6280,157,train,-0.7999999999999999,40,0,0.0,0.60233,0.17346258461475372,,5.754922866821289,,,,
6320,158,train,-0.20000000000000012,40,0,0.0,0.5997966666666668,2.088444471359253,,4.980798244476318,,,,
6360,159,train,1.0000000000000007,40,0,0.0,0.5972633333333334,0.6351503729820251,,5.632603168487549,,,,
6400,160,train,0.31666666666666693,40,0,0.0,0.59473,0.23709069192409515,,5.352780342102051,,,,
6440,161,train,-0.4666666666666668,40,0,0.0,0.5921966666666667,0.22882592678070068,,5.546908378601074,,,,
6480,162,train,1.033333333333333,40,0,0.0,0.5896633333333334,0.13429903984069824,,5.550012111663818,,,,
6520,163,train,0.8500000000000003,40,0,0.0,0.58713,0.7812741994857788,,5.385149002075195,,,,
6560,164,train,-0.45000000000000007,40,0,0.0,0.5845966666666667,1.1888270378112793,,5.6591691970825195,,,,
6600,165,train,0.6666666666666669,40,0,0.0,0.5820633333333334,1.7053630352020264,,5.651332378387451,,,,
6640,166,train,-0.19999999999999996,40,0,0.0,0.5795300000000001,0.4050336480140686,,5.847753047943115,,,,
6680,167,train,0.1000000000000002,40,0,0.0,0.5769966666666667,0.3602077066898346,,5.920439720153809,,,,
6720,168,train,-0.8333333333333334,40,0,0.0,0.5744633333333333,0.8207113742828369,,6.222690582275391,,,,
6760,169,train,-0.9999999999999997,40,0,0.0,0.57193,0.15239158272743225,,6.145668029785156,,,,
6800,170,train,0.5,40,0,0.0,0.5693966666666668,4.632894039154053,,6.216272354125977,,,,
6840,171,train,-0.09999999999999998,40,0,0.0,0.5668633333333333,0.11146602034568787,,6.594987869262695,,,,
6880,172,train,0.016666666666666843,40,0,0.0,0.56433,0.7789149284362793,,6.4266557693481445,,,,
6920,173,train,-0.16666666666666646,40,0,0.0,0.5617966666666667,2.454118251800537,,6.310564994812012,,,,
6960,174,train,-0.9666666666666672,40,0,0.0,0.5592633333333334,0.6563005447387695,,6.072678565979004,,,,
7000,175,train,-1.0666666666666669,40,0,0.0,0.55673,0.36437419056892395,,6.665257930755615,,,,
7040,176,train,0.14999999999999997,40,0,0.0,0.5541966666666667,1.8727389574050903,,6.6746625900268555,,,,
7080,177,train,-0.41666666666666674,40,0,0.0,0.5516633333333334,1.0267040729522705,,6.190256118774414,,,,
7120,178,train,0.4666666666666667,40,0,0.0,0.54913,1.0153613090515137,,6.347377777099609,,,,
7160,179,train,-0.28333333333333344,40,0,0.0,0.5465966666666666,1.705026626586914,,6.158834934234619,,,,
7200,180,train,-0.46666666666666684,40,0,0.0,0.5440633333333333,0.20772533118724823,,6.144996643066406,,,,
7240,181,train,-0.08333333333333329,40,0,0.0,0.5415300000000001,0.5977231860160828,,6.68319034576416,,,,
7280,182,train,0.44999999999999984,40,0,0.0,0.5389966666666667,1.1888864040374756,,6.532480239868164,,,,
7320,183,train,-1.866666666666667,40,0,0.0,0.5364633333333333,0.8671211004257202,,7.203577041625977,,,,
7360,184,train,0.39999999999999986,40,0,0.0,0.53393,0.7490649223327637,,7.114592552185059,,,,
7400,185,train,-1.5666666666666669,40,0,0.0,0.5313966666666667,0.900542140007019,,6.798437118530273,,,,
7440,186,train,-0.6166666666666669,40,0,0.0,0.5288633333333334,1.1988575458526611,,7.066169738769531,,,,
7480,187,train,-0.9833333333333336,40,0,0.0,0.52633,0.8569015264511108,,6.779087066650391,,,,
7520,188,train,0.3833333333333337,40,0,0.0,0.5237966666666667,1.002364993095398,,6.994174957275391,,,,
7560,189,train,-0.38333333333333347,40,0,0.0,0.5212633333333334,0.44827502965927124,,6.767005443572998,,,,
7600,190,train,-0.566666666666667,40,0,0.0,0.5187299999999999,3.126338481903076,,7.198494911193848,,,,
7640,191,train,-1.7000000000000006,40,0,0.0,0.5161966666666666,0.6748618483543396,,8.052995681762695,,,,
7680,192,train,-0.55,40,0,0.0,0.5136633333333334,0.6311524510383606,,7.889163494110107,,,,
7720,193,train,0.36666666666666675,40,0,0.0,0.5111300000000001,2.9334306716918945,,8.115102767944336,,,,
7760,194,train,-0.26666666666666666,40,0,0.0,0.5085966666666667,2.6922500133514404,,7.450913429260254,,,,
7800,195,train,-6.938893903907228e-17,40,0,0.0,0.5060633333333333,0.7691043615341187,,7.3960676193237305,,,,
7840,196,train,-0.44999999999999957,40,0,0.0,0.50353,0.1694711446762085,,7.466976642608643,,,,
7880,197,train,0.8333333333333337,40,0,0.0,0.5009966666666668,0.18175283074378967,,7.132357120513916,,,,
7920,198,train,-0.15000000000000024,40,0,0.0,0.49846333333333337,3.818896532058716,,7.521986961364746,,,,
7960,199,train,0.7000000000000001,40,0,0.0,0.4959300000000001,1.1363885402679443,,7.656545639038086,,,,
8000,200,train,1.0333333333333334,40,0,0.0,0.4933966666666667,7.921611309051514,,8.627117156982422,,,,
8000,200,eval,,,,,0.4933966666666667,,,,-1.2225000000000004,1.6994384284881352,0.0,40.0
8040,201,train,-0.46666666666666684,40,0,0.0,0.4908633333333333,2.7279036045074463,,8.516368865966797,,,,
8080,202,train,-1.0833333333333333,40,0,0.0,0.48833000000000004,0.396167516708374,,8.55714225769043,,,,
8120,203,train,0.7,40,0,0.0,0.48579666666666665,0.5987386703491211,,7.989668846130371,,,,
8160,204,train,-1.316666666666667,40,0,0.0,0.48326333333333327,5.121592998504639,,8.487146377563477,,,,
8200,205,train,0.5333333333333334,40,0,0.0,0.4807300000000001,2.9567224979400635,,7.994134902954102,,,,
8240,206,train,-0.41666666666666674,40,0,0.0,0.4781966666666667,2.011212110519409,,9.375661849975586,,,,
8280,207,train,-0.5499999999999999,40,0,0.0,0.4756633333333333,1.792433261871338,,8.155550003051758,,,,
8320,208,train,-0.7000000000000001,40,0,0.0,0.47313000000000005,2.810699462890625,,8.422658920288086,,,,
8360,209,train,-0.13333333333333344,40,0,0.0,0.47059666666666666,1.9523826837539673,,8.954530715942383,,,,
8400,210,train,-0.5833333333333334,40,0,0.0,0.4680633333333334,6.761192321777344,,8.31956672668457,,,,
8440,211,train,-0.08333333333333337,40,0,0.0,0.46553,7.522832870483398,,9.087779998779297,,,,
8480,212,train,-0.8166666666666671,40,0,0.0,0.4629966666666666,1.283495545387268,,9.257314682006836,,,,
8520,213,train,-1.4166666666666665,40,0,0.0,0.46046333333333345,3.336116313934326,,8.855245590209961,,,,
8560,214,train,-0.18333333333333343,40,0,0.0,0.45793000000000006,2.647554397583008,,9.696489334106445,,,,
8600,215,train,-0.7333333333333334,40,0,0.0,0.45539666666666667,1.03365159034729,,9.49954605102539,,,,
8640,216,train,-0.13333333333333344,40,0,0.0,0.4528633333333334,0.2514802813529968,,9.71794319152832,,,,
8680,217,train,-0.8166666666666667,40,0,0.0,0.45033,2.7057809829711914,,9.61861515045166,,,,
8720,218,train,-2.8166666666666673,40,0,0.0,0.4477966666666666,0.22687950730323792,,9.612981796264648,,,,
8760,219,train,-1.3500000000000005,40,0,0.0,0.44526333333333334,2.1534423828125,,8.818672180175781,,,,
8800,220,train,-0.24999999999999983,40,0,0.0,0.44273000000000007,0.7300037145614624,,8.728446960449219,,,,
8840,221,train,0.2499999999999999,40,0,0.0,0.4401966666666667,0.25912562012672424,,9.573444366455078,,,,
8880,222,train,-0.8833333333333333,40,0,0.0,0.4376633333333334,3.4415879249572754,,9.388284683227539,,,,
8920,223,train,-0.26666666666666655,40,0,0.0,0.43513,2.7237277030944824,,8.99930191040039,,,,
8960,224,train,-0.5666666666666668,40,0,0.0,0.43259666666666674,3.049226760864258,,8.29017448425293,,,,
9000,225,train,-0.2333333333333335,40,0,0.0,0.43006333333333335,0.39419326186180115,,9.921977043151855,,,,
9040,226,train,0.16666666666666657,40,0,0.0,0.42752999999999997,0.2689147889614105,,9.550071716308594,,,,
9080,227,train,-0.4166666666666668,40,0,0.0,0.4249966666666667,0.2317786067724228,,10.409233093261719,,,,
9120,228,train,-0.2833333333333335,40,0,0.0,0.4224633333333334,3.69173002243042,,10.400691986083984,,,,
9160,229,train,-0.41666666666666696,40,0,0.0,0.41993,6.800166130065918,,10.25046157836914,,,,
9200,230,train,-0.8666666666666668,40,0,0.0,0.41739666666666675,3.804532051086426,,10.450349807739258,,,,
9240,231,train,-0.7833333333333334,40,0,0.0,0.41486333333333336,6.255292892456055,,10.031121253967285,,,,
9280,232,train,-2.6833333333333336,40,0,0.0,0.41233,1.2849544286727905,,9.674026489257812,,,,
9320,233,train,-0.7666666666666665,40,0,0.0,0.4097966666666667,8.671314239501953,,10.508434295654297,,,,
9360,234,train,-0.43333333333333335,40,0,0.0,0.4072633333333333,0.9735263586044312,,11.704388618469238,,,,
9400,235,train,-0.6166666666666668,40,0,0.0,0.40473000000000003,2.1900339126586914,,10.196956634521484,,,,
9440,236,train,-0.06666666666666701,40,0,0.0,0.40219666666666676,3.0742228031158447,,10.454351425170898,,,,
9480,237,train,-0.18333333333333338,40,0,0.0,0.39966333333333337,2.2059879302978516,,10.775348663330078,,,,
9520,238,train,-0.6333333333333335,40,0,0.0,0.39713,1.5647921562194824,,11.820465087890625,,,,
9560,239,train,1.3877787807814457e-17,40,0,0.0,0.3945966666666667,1.8660587072372437,,9.945806503295898,,,,
9600,240,train,-0.43333333333333335,40,0,0.0,0.3920633333333333,2.5812151432037354,,10.720788955688477,,,,
9640,241,train,-0.9333333333333337,40,0,0.0,0.38953000000000004,5.005496978759766,,10.943161010742188,,,,
9680,242,train,1.0166666666666666,40,0,0.0,0.38699666666666666,9.89284610748291,,12.036890029907227,,,,
9720,243,train,-1.9500000000000002,40,0,0.0,0.3844633333333334,1.0248701572418213,,10.591590881347656,,,,
9760,244,train,0.25,40,0,0.0,0.3819300000000001,1.8597722053527832,,10.602150917053223,,,,
9800,245,train,0.18333333333333318,40,0,0.0,0.3793966666666667,2.7834134101867676,,10.59626579284668,,,,
9840,246,train,-1.833333333333333,40,0,0.0,0.37686333333333333,1.542600393295288,,11.374702453613281,,,,
9880,247,train,-0.5000000000000001,40,0,0.0,0.37433000000000005,1.0243171453475952,,11.382840156555176,,,,
9920,248,train,-1.9833333333333334,40,0,0.0,0.37179666666666666,1.7645612955093384,,11.495655059814453,,,,
9960,249,train,-0.14999999999999994,40,0,0.0,0.3692633333333333,3.4924468994140625,,11.39358139038086,,,,
10000,250,train,-1.7,40,0,0.0,0.3667300000000001,0.5164880752563477,,11.438713073730469,,,,
10040,251,train,-2.1500000000000004,40,0,0.0,0.3641966666666667,3.6759839057922363,,12.095151901245117,,,,
10080,252,train,-0.1666666666666667,40,0,0.0,0.36166333333333334,2.7648046016693115,,11.797258377075195,,,,
10120,253,train,-0.8000000000000004,40,0,0.0,0.35913000000000006,6.83189582824707,,12.749423027038574,,,,
10160,254,train,0.13333333333333314,40,0,0.0,0.3565966666666667,2.684574604034424,,11.422051429748535,,,,
10200,255,train,-1.7500000000000004,40,0,0.0,0.3540633333333334,4.14753532409668,,10.40903091430664,,,,
10240,256,train,-0.43333333333333346,40,0,0.0,0.35153,2.1928811073303223,,11.653749465942383,,,,
10280,257,train,-0.40000000000000013,40,0,0.0,0.3489966666666666,11.636520385742188,,12.502341270446777,,,,
10320,258,train,-0.8500000000000003,40,0,0.0,0.34646333333333346,5.033312797546387,,12.804006576538086,,,,
10360,259,train,-0.7666666666666666,40,0,0.0,0.34393000000000007,5.167686939239502,,11.271537780761719,,,,
10400,260,train,-1.0666666666666669,40,0,0.0,0.3413966666666667,4.537635326385498,,11.886317253112793,,,,
10440,261,train,-0.5499999999999999,40,0,0.0,0.3388633333333334,0.683713972568512,,11.982776641845703,,,,
10480,262,train,0.6333333333333331,40,0,0.0,0.33633,13.29351806640625,,12.976858139038086,,,,
10520,263,train,-0.18333333333333332,40,0,0.0,0.33379666666666663,5.9832682609558105,,12.926762580871582,,,,
10560,264,train,-1.2666666666666666,40,0,0.0,0.33126333333333335,3.060208320617676,,12.142095565795898,,,,
10600,265,train,-0.5000000000000002,40,0,0.0,0.3287300000000001,4.798611640930176,,12.531051635742188,,,,
10640,266,train,-0.21666666666666667,40,0,0.0,0.3261966666666667,1.225527286529541,,12.199295997619629,,,,
10680,267,train,0.01666666666666665,40,0,0.0,0.3236633333333334,2.5519211292266846,,12.337053298950195,,,,
10720,268,train,-3.1833333333333327,40,0,0.0,0.32113,2.4088077545166016,,11.906991958618164,,,,
10760,269,train,-1.0000000000000004,40,0,0.0,0.31859666666666664,2.7996442317962646,,12.323654174804688,,,,
10800,270,train,-0.0666666666666668,40,0,0.0,0.31606333333333336,0.41241538524627686,,12.128527641296387,,,,
10840,271,train,0.21666666666666662,40,0,0.0,0.31353,0.34872180223464966,,12.198487281799316,,,,
10880,272,train,-2.9666666666666672,40,0,0.0,0.3109966666666667,1.6256625652313232,,11.44584846496582,,,,
10920,273,train,-0.9000000000000002,40,0,0.0,0.3084633333333334,2.7020750045776367,,13.188546180725098,,,,
10960,274,train,-0.11666666666666672,40,0,0.0,0.30593000000000004,6.73819637298584,,12.041343688964844,,,,
11000,275,train,-0.6666666666666671,40,0,0.0,0.30339666666666676,0.4198015332221985,,13.135431289672852,,,,
11040,276,train,-0.46666666666666684,40,0,0.0,0.30086333333333337,5.011505603790283,,13.122051239013672,,,,
11080,277,train,-1.5500000000000003,40,0,0.0,0.29833,12.342971801757812,,12.920974731445312,,,,
11120,278,train,-1.4499999999999997,40,0,0.0,0.2957966666666667,0.4720640778541565,,11.990132331848145,,,,
11160,279,train,-1.833333333333334,40,0,0.0,0.2932633333333333,1.2152671813964844,,12.738088607788086,,,,
11200,280,train,-1.3166666666666669,40,0,0.0,0.29073000000000004,12.410599708557129,,12.465755462646484,,,,
11240,281,train,-0.9333333333333329,40,0,0.0,0.28819666666666677,3.3136043548583984,,12.545659065246582,,,,
11280,282,train,0.34999999999999987,40,0,0.0,0.2856633333333334,1.9757599830627441,,11.873888969421387,,,,
11320,283,train,0.29999999999999993,40,0,0.0,0.28313,0.33410540223121643,,12.88551139831543,,,,
11360,284,train,-0.8833333333333335,40,0,0.0,0.2805966666666667,2.9410741329193115,,12.530564308166504,,,,
11400,285,train,-2.95,40,0,0.0,0.27806333333333333,8.085026741027832,,11.842231750488281,,,,
11440,286,train,0.23333333333333373,40,0,0.0,0.27553000000000005,11.184398651123047,,13.127705574035645,,,,
11480,287,train,-1.4499999999999995,40,0,0.0,0.27299666666666667,6.566137790679932,,14.275991439819336,,,,
11520,288,train,-0.9500000000000001,40,0,0.0,0.2704633333333334,7.8958258628845215,,12.466493606567383,,,,
11560,289,train,-1.5666666666666673,40,0,0.0,0.2679300000000001,2.929720640182495,,12.444025039672852,,,,
11600,290,train,-1.7666666666666662,40,0,0.0,0.2653966666666667,3.8179569244384766,,12.234681129455566,,,,
11640,291,train,-1.466666666666667,40,0,0.0,0.26286333333333334,5.234673976898193,,12.035381317138672,,,,
11680,292,train,-1.883333333333334,40,0,0.0,0.26033000000000006,2.2593486309051514,,12.705662727355957,,,,
11720,293,train,-1.1500000000000001,40,0,0.0,0.2577966666666667,0.37822601199150085,,12.800890922546387,,,,
11760,294,train,-0.23333333333333345,40,0,0.0,0.2552633333333333,3.8464739322662354,,12.305255889892578,,,,
11800,295,train,-0.45000000000000023,40,0,0.0,0.2527300000000001,8.286399841308594,,12.411907196044922,,,,
11840,296,train,-1.216666666666667,40,0,0.0,0.25019666666666673,2.525496482849121,,11.557439804077148,,,,
11880,297,train,-1.7166666666666668,40,0,0.0,0.24766333333333335,8.21212100982666,,12.868236541748047,,,,
11920,298,train,-0.49999999999999994,40,0,0.0,0.24513000000000007,8.71943187713623,,13.53616714477539,,,,
11960,299,train,-0.2666666666666669,40,0,0.0,0.24259666666666668,8.899805068969727,,12.955717086791992,,,,
12000,300,train,-2.2666666666666675,40,0,0.0,0.2400633333333333,4.2950029373168945,,12.613375663757324,,,,
12000,300,eval,,,,,0.2400633333333333,,,,-0.6533333333333334,1.043413202480739,0.0,40.0
12040,301,train,-0.8666666666666669,40,0,0.0,0.23753000000000002,0.7080841064453125,,12.3056640625,,,,
12080,302,train,-1.75,40,0,0.0,0.23499666666666663,8.598114013671875,,13.919172286987305,,,,
12120,303,train,-0.9166666666666669,40,0,0.0,0.23246333333333347,1.9742157459259033,,11.962995529174805,,,,
12160,304,train,-0.4833333333333335,40,0,0.0,0.22993000000000008,11.927684783935547,,13.347330093383789,,,,
12200,305,train,-0.9833333333333335,40,0,0.0,0.2273966666666667,8.432411193847656,,12.550464630126953,,,,
12240,306,train,-1.5666666666666669,40,0,0.0,0.22486333333333341,0.480633020401001,,13.452775001525879,,,,
12280,307,train,0.016666666666666524,40,0,0.0,0.22233000000000003,5.471873760223389,,13.835304260253906,,,,
12320,308,train,-0.21666666666666667,40,0,0.0,0.21979666666666664,1.7201433181762695,,12.748298645019531,,,,
12360,309,train,-0.23333333333333334,40,0,0.0,0.21726333333333336,13.812868118286133,,13.068156242370605,,,,
12400,310,train,-0.033333333333333486,40,0,0.0,0.2147300000000001,2.0505599975585938,,12.429290771484375,,,,
12440,311,train,-0.1666666666666669,40,0,0.0,0.2121966666666667,5.46081018447876,,12.747772216796875,,,,
12480,312,train,-0.6000000000000002,40,0,0.0,0.20966333333333342,1.502159833908081,,12.757490158081055,,,,
12520,313,train,-0.4833333333333335,40,0,0.0,0.20713000000000004,9.694902420043945,,13.59044361114502,,,,
12560,314,train,-2.183333333333334,40,0,0.0,0.20459666666666665,1.8160611391067505,,13.156835556030273,,,,
12600,315,train,-0.9333333333333337,40,0,0.0,0.20206333333333337,12.597615242004395,,13.587307929992676,,,,
12640,316,train,-0.4833333333333334,40,0,0.0,0.19952999999999999,1.3698447942733765,,13.546165466308594,,,,
12680,317,train,-2.0500000000000007,40,0,0.0,0.1969966666666666,9.742476463317871,,11.474950790405273,,,,
12720,318,train,0.36666666666666636,40,0,0.0,0.19446333333333343,0.5135276317596436,,13.407970428466797,,,,
12760,319,train,-3.95,40,0,0.0,0.19193000000000005,1.6410021781921387,,12.487323760986328,,,,
12800,320,train,-1.5,40,0,0.0,0.18939666666666677,5.10565185546875,,14.176456451416016,,,,
12840,321,train,-0.766666666666667,40,0,0.0,0.18686333333333338,5.034049987792969,,12.998693466186523,,,,
12880,322,train,-0.26666666666666683,40,0,0.0,0.18433,5.30478048324585,,14.493843078613281,,,,
12920,323,train,-2.1500000000000004,40,0,0.0,0.18179666666666672,4.864048957824707,,12.654253005981445,,,,
12960,324,train,-1.1499999999999997,40,0,0.0,0.17926333333333333,8.375101089477539,,13.289253234863281,,,,
13000,325,train,-3.9833333333333347,40,0,0.0,0.17673000000000005,3.7852365970611572,,13.303484916687012,,,,
13040,326,train,-2.0000000000000004,40,0,0.0,0.17419666666666678,5.556163311004639,,14.391566276550293,,,,
13080,327,train,-0.3499999999999999,40,0,0.0,0.1716633333333334,1.8285106420516968,,13.910848617553711,,,,
13120,328,train,-1.2333333333333334,40,0,0.0,0.16913,5.411410331726074,,14.428149223327637,,,,
13160,329,train,0.38333333333333314,40,0,0.0,0.16659666666666673,3.2931599617004395,,12.71802043914795,,,,
13200,330,train,-0.48333333333333345,40,0,0.0,0.16406333333333334,10.285270690917969,,12.429421424865723,,,,
13240,331,train,-1.4833333333333338,40,0,0.0,0.16152999999999995,2.75418758392334,,13.048724174499512,,,,
13280,332,train,-1.4500000000000006,40,0,0.0,0.15899666666666668,0.5497095584869385,,12.527092933654785,,,,
13320,333,train,-0.6333333333333335,40,0,0.0,0.1564633333333334,4.2654547691345215,,12.46045970916748,,,,
13360,334,train,-1.4000000000000006,40,0,0.0,0.15393000000000012,0.3463677167892456,,13.32353401184082,,,,
13400,335,train,-0.6833333333333337,40,0,0.0,0.15139666666666673,5.916735649108887,,13.152058601379395,,,,
13440,336,train,-1.2833333333333339,40,0,0.0,0.14886333333333335,2.1222102642059326,,13.684893608093262,,,,
13480,337,train,-0.8499999999999999,40,0,0.0,0.14633000000000007,0.4151858389377594,,12.841489791870117,,,,
13520,338,train,-2.416666666666667,40,0,0.0,0.14379666666666668,2.045475482940674,,13.080472946166992,,,,
13560,339,train,0.6500000000000001,40,0,0.0,0.1412633333333333,5.686970233917236,,13.25394058227539,,,,
13600,340,train,-1.4666666666666668,40,0,0.0,0.13873000000000013,1.3657896518707275,,13.012052536010742,,,,
13640,341,train,-0.8333333333333333,40,0,0.0,0.13619666666666674,0.31242847442626953,,13.652968406677246,,,,
13680,342,train,-1.2499999999999998,40,0,0.0,0.13366333333333336,1.805134892463684,,13.981053352355957,,,,
13720,343,train,-0.5166666666666667,40,0,0.0,0.13113000000000008,0.387649804353714,,13.451555252075195,,,,
13760,344,train,-1.6833333333333336,40,0,0.0,0.1285966666666667,5.0787835121154785,,14.49055290222168,,,,
13800,345,train,-1.1833333333333338,40,0,0.0,0.1260633333333333,7.250726222991943,,13.984763145446777,,,,
13840,346,train,0.8333333333333334,40,0,0.0,0.12353000000000003,0.455192506313324,,12.945137023925781,,,,
13880,347,train,-0.6499999999999999,40,0,0.0,0.12099666666666664,0.35823243856430054,,12.322282791137695,,,,
13920,348,train,0.19999999999999973,40,0,0.0,0.11846333333333336,3.5787720680236816,,14.030980110168457,,,,
13960,349,train,-1.7666666666666666,40,0,0.0,0.11593000000000009,3.313387155532837,,13.457941055297852,,,,
14000,350,train,-1.9666666666666675,40,0,0.0,0.1133966666666667,6.396417140960693,,12.733612060546875,,,,
14040,351,train,-0.766666666666667,40,0,0.0,0.11086333333333342,1.2394185066223145,,13.822793960571289,,,,
14080,352,train,-1.5,40,0,0.0,0.10833000000000004,0.5130132436752319,,13.431184768676758,,,,
14120,353,train,-1.1833333333333336,40,0,0.0,0.10579666666666665,13.456130981445312,,15.644272804260254,,,,
14160,354,train,-0.5166666666666668,40,0,0.0,0.10326333333333337,0.3665156960487366,,12.883989334106445,,,,
14200,355,train,-0.6666666666666667,40,0,0.0,0.1007300000000001,1.955918312072754,,13.836586952209473,,,,
14240,356,train,-2.8666666666666663,40,0,0.0,0.09819666666666671,2.0797500610351562,,14.940195083618164,,,,
14280,357,train,-0.816666666666666,40,0,0.0,0.09566333333333343,18.740360260009766,,14.43061637878418,,,,
14320,358,train,-1.416666666666667,40,0,0.0,0.09313000000000005,9.114978790283203,,11.67196273803711,,,,
14360,359,train,-1.900000000000001,40,0,0.0,0.09059666666666666,3.4478988647460938,,14.108983993530273,,,,
14400,360,train,-0.5833333333333334,40,0,0.0,0.08806333333333338,2.050830125808716,,14.019469261169434,,,,
14440,361,train,-0.16666666666666677,40,0,0.0,0.08553,11.285897254943848,,14.729909896850586,,,,
14480,362,train,-1.4666666666666668,40,0,0.0,0.08299666666666661,5.429763317108154,,13.317152976989746,,,,
14520,363,train,-0.38333333333333336,40,0,0.0,0.08046333333333344,0.4195915758609772,,14.740673065185547,,,,
14560,364,train,-1.016666666666667,40,0,0.0,0.07793000000000005,5.1846604347229,,14.28276252746582,,,,
14600,365,train,0.4333333333333335,40,0,0.0,0.07539666666666678,0.5121414661407471,,14.248575210571289,,,,
14640,366,train,0.3000000000000005,40,0,0.0,0.07286333333333339,15.259235382080078,,14.075210571289062,,,,
14680,367,train,-2.183333333333333,40,0,0.0,0.07033,0.7643270492553711,,14.14451789855957,,,,
14720,368,train,-1.55,40,0,0.0,0.06779666666666673,40.448402404785156,,13.423612594604492,,,,
14760,369,train,-0.45000000000000007,40,0,0.0,0.06526333333333334,4.760265827178955,,15.467870712280273,,,,
14800,370,train,-2.9333333333333345,40,0,0.0,0.06273000000000006,0.4156573414802551,,13.449902534484863,,,,
14840,371,train,-2.416666666666667,40,0,0.0,0.06019666666666679,1.1388356685638428,,15.593423843383789,,,,
14880,372,train,0.5333333333333343,40,0,0.0,0.0576633333333334,3.0830345153808594,,14.223556518554688,,,,
14920,373,train,0.5166666666666673,40,0,0.0,0.05513000000000001,1.8562544584274292,,14.80597972869873,,,,
14960,374,train,0.2499999999999999,40,0,0.0,0.052596666666666736,2.480520486831665,,14.627883911132812,,,,
15000,375,train,-0.3166666666666668,40,0,0.0,0.05006333333333335,5.5027666091918945,,14.699884414672852,,,,
15040,376,train,-1.4666666666666663,40,0,0.0,0.05,6.171497344970703,,14.771586418151855,,,,
15080,377,train,-0.016666666666666878,40,0,0.0,0.05,8.6865873336792,,14.739066123962402,,,,
15120,378,train,-0.2833333333333338,40,0,0.0,0.05,17.067821502685547,,14.722539901733398,,,,
15160,379,train,-1.0000000000000004,40,0,0.0,0.05,0.3893916606903076,,14.559159278869629,,,,
15200,380,train,-0.6833333333333332,40,0,0.0,0.05,1.7599074840545654,,12.96786880493164,,,,
15240,381,train,0.49999999999999994,40,0,0.0,0.05,7.919408798217773,,15.625848770141602,,,,
15280,382,train,0.9166666666666667,40,0,0.0,0.05,2.6360387802124023,,15.751172065734863,,,,
15320,383,train,-1.0000000000000004,40,0,0.0,0.05,5.594394683837891,,13.494405746459961,,,,
15360,384,train,-0.5166666666666668,40,0,0.0,0.05,2.6557226181030273,,15.050983428955078,,,,
15400,385,train,-1.2500000000000004,40,0,0.0,0.05,4.363315105438232,,14.8514986038208,,,,
15440,386,train,-1.6333333333333344,40,0,0.0,0.05,0.47830769419670105,,14.153421401977539,,,,
15480,387,train,-2.233333333333333,40,0,0.0,0.05,22.785097122192383,,14.865862846374512,,,,
15520,388,train,-0.20000000000000018,40,0,0.0,0.05,0.6757908463478088,,13.062902450561523,,,,
15560,389,train,-0.6666666666666667,40,0,0.0,0.05,13.715213775634766,,13.704864501953125,,,,
15600,390,train,0.6666666666666673,40,0,0.0,0.05,9.509584426879883,,15.311018943786621,,,,
15640,391,train,-1.1,40,0,0.0,0.05,6.382925033569336,,16.41457176208496,,,,
15680,392,train,0.4333333333333336,40,0,0.0,0.05,7.005707740783691,,12.310343742370605,,,,
15720,393,train,-0.11666666666666675,40,0,0.0,0.05,10.608085632324219,,14.454572677612305,,,,
15760,394,train,1.066666666666667,40,0,0.0,0.05,3.1515591144561768,,13.191105842590332,,,,
15800,395,train,-1.1833333333333336,40,0,0.0,0.05,3.735487699508667,,17.107955932617188,,,,
15840,396,train,-0.4500000000000001,40,0,0.0,0.05,10.861083030700684,,14.718196868896484,,,,
15880,397,train,-3.0166666666666684,40,0,0.0,0.05,2.614534854888916,,15.033985137939453,,,,
15920,398,train,-1.7500000000000007,40,0,0.0,0.05,6.344176292419434,,14.719379425048828,,,,
15960,399,train,-2.033333333333334,40,0,0.0,0.05,1.8128650188446045,,15.61640739440918,,,,
16000,400,train,-0.38333333333333336,40,0,0.0,0.05,11.994568824768066,,14.920604705810547,,,,
16000,400,eval,,,,,0.05,,,,-1.1183333333333336,1.0172662166589215,0.0,40.0
16040,401,train,-0.7500000000000002,40,0,0.0,0.05,0.33164864778518677,,14.683319091796875,,,,
16080,402,train,-0.23333333333333317,40,0,0.0,0.05,4.622519493103027,,14.728937149047852,,,,
16120,403,train,-2.233333333333334,40,0,0.0,0.05,4.739789962768555,,14.762182235717773,,,,
16160,404,train,-4.766666666666669,40,0,0.0,0.05,1.0765317678451538,,16.12942123413086,,,,
16200,405,train,-3.5999999999999996,40,0,0.0,0.05,0.5241595506668091,,15.169830322265625,,,,
16240,406,train,-0.4500000000000003,40,0,0.0,0.05,2.7722551822662354,,15.823222160339355,,,,
16280,407,train,0.21666666666666679,40,0,0.0,0.05,0.6927548050880432,,14.591678619384766,,,,
16320,408,train,-1.4166666666666674,40,0,0.0,0.05,5.813469886779785,,14.325154304504395,,,,
16360,409,train,-0.14999999999999947,40,0,0.0,0.05,13.462143898010254,,15.746490478515625,,,,
16400,410,train,-1.0166666666666666,40,0,0.0,0.05,0.3778378665447235,,13.634998321533203,,,,
16440,411,train,-0.716666666666667,40,0,0.0,0.05,6.279800891876221,,14.067893028259277,,,,
16480,412,train,-0.31666666666666676,40,0,0.0,0.05,3.5283379554748535,,13.715483665466309,,,,
16520,413,train,-3.716666666666669,40,0,0.0,0.05,5.755706310272217,,16.944721221923828,,,,
16560,414,train,-0.7333333333333327,40,0,0.0,0.05,16.903682708740234,,14.244466781616211,,,,
16600,415,train,-1.0166666666666668,40,0,0.0,0.05,29.893980026245117,,15.940610885620117,,,,
16640,416,train,-0.8666666666666665,40,0,0.0,0.05,3.4273080825805664,,13.9752197265625,,,,
16680,417,train,-1.2666666666666662,40,0,0.0,0.05,2.29714298248291,,13.480690002441406,,,,
16720,418,train,-3.1500000000000004,40,0,0.0,0.05,4.618973255157471,,14.860142707824707,,,,
16760,419,train,-0.8666666666666667,40,0,0.0,0.05,7.249550819396973,,14.403327941894531,,,,
16800,420,train,1.734723475976807e-18,40,0,0.0,0.05,12.840246200561523,,14.425228118896484,,,,
16840,421,train,-1.7166666666666675,40,0,0.0,0.05,2.0224454402923584,,13.988386154174805,,,,
16880,422,train,-2.550000000000001,40,0,0.0,0.05,2.2353227138519287,,13.984090805053711,,,,
16920,423,train,-0.9833333333333332,40,0,0.0,0.05,5.668276786804199,,14.758889198303223,,,,
16960,424,train,-2.1666666666666674,40,0,0.0,0.05,5.375417709350586,,14.258878707885742,,,,
17000,425,train,-0.016666666666666732,40,0,0.0,0.05,0.3482164740562439,,15.745862007141113,,,,
17040,426,train,-0.09999999999999946,40,0,0.0,0.05,2.2309131622314453,,15.247913360595703,,,,
17080,427,train,-0.4500000000000003,40,0,0.0,0.05,9.444393157958984,,14.627983093261719,,,,
17120,428,train,-1.383333333333333,40,0,0.0,0.05,17.36058807373047,,14.654415130615234,,,,
17160,429,train,-1.1500000000000001,40,0,0.0,0.05,13.711212158203125,,14.6865816116333,,,,
17200,430,train,-2.0000000000000004,40,0,0.0,0.05,10.990869522094727,,14.498762130737305,,,,
17240,431,train,-0.7333333333333331,40,0,0.0,0.05,11.706725120544434,,15.854606628417969,,,,
17280,432,train,-1.1499999999999992,40,0,0.0,0.05,0.5637872219085693,,14.889601707458496,,,,
17320,433,train,-0.11666666666666684,40,0,0.0,0.05,1.3567792177200317,,16.1098690032959,,,,
17360,434,train,-0.5166666666666669,40,0,0.0,0.05,9.184967994689941,,14.278987884521484,,,,
17400,435,train,-3.0000000000000004,40,0,0.0,0.05,1.6107157468795776,,15.509185791015625,,,,
17440,436,train,0.5166666666666675,40,0,0.0,0.05,0.5739984512329102,,17.021209716796875,,,,
17480,437,train,-0.5999999999999996,40,0,0.0,0.05,7.089652061462402,,14.583415031433105,,,,
17520,438,train,-2.250000000000001,40,0,0.0,0.05,10.567351341247559,,15.618305206298828,,,,
17560,439,train,-0.6500000000000002,40,0,0.0,0.05,8.233378410339355,,14.91606330871582,,,,
17600,440,train,-0.40000000000000024,40,0,0.0,0.05,1.0893275737762451,,14.92962646484375,,,,
17640,441,train,0.033333333333333194,40,0,0.0,0.05,0.5083198547363281,,15.082926750183105,,,,
17680,442,train,-0.033333333333333506,40,0,0.0,0.05,3.152924060821533,,16.105741500854492,,,,
17720,443,train,-1.2000000000000004,40,0,0.0,0.05,2.2904212474823,,15.707754135131836,,,,
17760,444,train,-2.1166666666666676,40,0,0.0,0.05,8.771320343017578,,15.822108268737793,,,,
17800,445,train,-0.9833333333333332,40,0,0.0,0.05,5.691930770874023,,15.946168899536133,,,,
17840,446,train,-0.7833333333333337,40,0,0.0,0.05,0.5771049857139587,,13.51972770690918,,,,
17880,447,train,-1.8666666666666667,40,0,0.0,0.05,3.8257458209991455,,15.235488891601562,,,,
17920,448,train,-0.8166666666666668,40,0,0.0,0.05,0.41242241859436035,,14.109014511108398,,,,
17960,449,train,-4.6833333333333345,40,0,0.0,0.05,0.8393784761428833,,16.06441879272461,,,,
18000,450,train,0.09999999999999985,40,0,0.0,0.05,14.850397109985352,,14.990682601928711,,,,
18040,451,train,-1.2833333333333334,40,0,0.0,0.05,2.829061985015869,,13.55103874206543,,,,
18080,452,train,0.7333333333333334,40,0,0.0,0.05,0.5566508173942566,,13.991371154785156,,,,
18120,453,train,-1.4500000000000004,40,0,0.0,0.05,32.885074615478516,,15.041534423828125,,,,
18160,454,train,-0.6333333333333336,40,0,0.0,0.05,8.822665214538574,,13.869888305664062,,,,
18200,455,train,-1.9666666666666661,40,0,0.0,0.05,1.9506744146347046,,13.574409484863281,,,,
18240,456,train,-0.8000000000000003,40,0,0.0,0.05,0.4703579843044281,,13.312131881713867,,,,
18280,457,train,-0.15000000000000005,40,0,0.0,0.05,3.245563507080078,,14.695401191711426,,,,
18320,458,train,0.2833333333333331,40,0,0.0,0.05,0.4932171702384949,,15.247690200805664,,,,
18360,459,train,-1.6333333333333335,40,0,0.0,0.05,13.418063163757324,,14.605392456054688,,,,
18400,460,train,0.4166666666666678,40,0,0.0,0.05,0.4837633967399597,,14.247834205627441,,,,
18440,461,train,-0.666666666666667,40,0,0.0,0.05,3.6603853702545166,,15.878005027770996,,,,
18480,462,train,0.2499999999999999,40,0,0.0,0.05,0.4341892600059509,,13.845943450927734,,,,
18520,463,train,-0.18333333333333343,40,0,0.0,0.05,5.074038028717041,,15.658926010131836,,,,
18560,464,train,-1.4000000000000004,40,0,0.0,0.05,23.031293869018555,,13.154617309570312,,,,
18600,465,train,0.21666666666666656,40,0,0.0,0.05,8.060795783996582,,14.687705993652344,,,,
18640,466,train,-1.1000000000000005,40,0,0.0,0.05,0.39777299761772156,,16.334957122802734,,,,
18680,467,train,-0.4166666666666664,40,0,0.0,0.05,6.401515483856201,,15.263618469238281,,,,
18720,468,train,-2.1000000000000005,40,0,0.0,0.05,2.531702995300293,,14.014570236206055,,,,
18760,469,train,-2.5333333333333345,40,0,0.0,0.05,5.931328296661377,,15.479975700378418,,,,
18800,470,train,-1.9166666666666667,40,0,0.0,0.05,5.150774955749512,,14.735868453979492,,,,
18840,471,train,-0.01666666666666633,40,0,0.0,0.05,8.188650131225586,,14.570036888122559,,,,
18880,472,train,-0.016666666666666836,40,0,0.0,0.05,0.5129762291908264,,14.61313247680664,,,,
18920,473,train,-1.1000000000000003,40,0,0.0,0.05,4.936660289764404,,14.898805618286133,,,,
18960,474,train,-1.0500000000000003,40,0,0.0,0.05,1.3245527744293213,,15.016704559326172,,,,
19000,475,train,-0.7999999999999998,40,0,0.0,0.05,3.4609646797180176,,13.842140197753906,,,,
19040,476,train,-0.5166666666666669,40,0,0.0,0.05,2.33150315284729,,17.15395736694336,,,,
19080,477,train,-0.11666666666666649,40,0,0.0,0.05,9.124515533447266,,15.699872970581055,,,,
19120,478,train,-1.7166666666666672,40,0,0.0,0.05,4.495089530944824,,14.06760025024414,,,,
19160,479,train,-1.1833333333333336,40,0,0.0,0.05,14.764653205871582,,14.214018821716309,,,,
19200,480,train,-1.3333333333333335,40,0,0.0,0.05,12.507331848144531,,13.479459762573242,,,,
19240,481,train,-0.39999999999999986,40,0,0.0,0.05,17.162212371826172,,14.503955841064453,,,,
19280,482,train,0.8666666666666666,40,0,0.0,0.05,4.595333099365234,,14.376876831054688,,,,
19320,483,train,-0.46666666666666695,40,0,0.0,0.05,9.82064437866211,,14.390281677246094,,,,
19360,484,train,-1.0666666666666667,40,0,0.0,0.05,7.304900646209717,,14.12952995300293,,,,
19400,485,train,-1.4000000000000001,40,0,0.0,0.05,1.8906588554382324,,14.205692291259766,,,,
19440,486,train,-2.25,40,0,0.0,0.05,7.207487106323242,,13.009567260742188,,,,
19480,487,train,-0.2666666666666668,40,0,0.0,0.05,4.63857889175415,,14.757064819335938,,,,
19520,488,train,-0.41666666666666663,40,0,0.0,0.05,1.190643310546875,,14.57483959197998,,,,
19560,489,train,-2.250000000000001,40,0,0.0,0.05,3.681579351425171,,15.650605201721191,,,,
19600,490,train,-0.5833333333333336,40,0,0.0,0.05,2.044604778289795,,14.667228698730469,,,,
19640,491,train,-0.6333333333333331,40,0,0.0,0.05,1.8521393537521362,,14.940240859985352,,,,
19680,492,train,-0.8166666666666663,40,0,0.0,0.05,0.4297035038471222,,16.64212417602539,,,,
19720,493,train,-1.5499999999999998,40,0,0.0,0.05,11.605997085571289,,14.908759117126465,,,,
19760,494,train,1.0166666666666666,40,0,0.0,0.05,2.2048261165618896,,14.025134086608887,,,,
19800,495,train,0.08333333333333337,40,0,0.0,0.05,13.13105297088623,,13.782121658325195,,,,
19840,496,train,-0.31666666666666676,40,0,0.0,0.05,4.6459808349609375,,15.485532760620117,,,,
19880,497,train,-0.8333333333333334,40,0,0.0,0.05,0.8039684891700745,,13.183714866638184,,,,
19920,498,train,0.10000000000000031,40,0,0.0,0.05,19.69870948791504,,14.971463203430176,,,,
19960,499,train,-1.616666666666666,40,0,0.0,0.05,16.837505340576172,,15.065131187438965,,,,
20000,500,train,-1.4499999999999993,40,0,0.0,0.05,1.0022062063217163,,14.664678573608398,,,,
20000,500,eval,,,,,0.05,,,,-1.0058333333333334,0.7683726490302591,0.0,40.0
20040,501,train,-1.0000000000000004,40,0,0.0,0.05,7.204618453979492,,13.800374031066895,,,,
20080,502,train,-0.19999999999999976,40,0,0.0,0.05,4.155292987823486,,15.56019401550293,,,,
20120,503,train,0.41666666666666663,40,0,0.0,0.05,16.705415725708008,,16.097408294677734,,,,
20160,504,train,-0.46666666666666684,40,0,0.0,0.05,13.63874626159668,,14.387189865112305,,,,
20200,505,train,-1.85,40,0,0.0,0.05,4.891645908355713,,13.647003173828125,,,,
20240,506,train,1.0000000000000009,40,0,0.0,0.05,25.77408218383789,,13.534421920776367,,,,
20280,507,train,0.09999999999999985,40,0,0.0,0.05,1.425170660018921,,12.898021697998047,,,,
20320,508,train,-0.6833333333333335,40,0,0.0,0.05,3.5863230228424072,,15.343599319458008,,,,
20360,509,train,0.866666666666667,40,0,0.0,0.05,0.43451619148254395,,13.423906326293945,,,,
20400,510,train,-0.0666666666666669,40,0,0.0,0.05,4.522461891174316,,12.709227561950684,,,,
20440,511,train,0.6333333333333343,40,0,0.0,0.05,0.5248854756355286,,14.76197338104248,,,,
20480,512,train,-4.333333333333334,40,0,0.0,0.05,11.369336128234863,,14.568044662475586,,,,
20520,513,train,-1.7000000000000006,40,0,0.0,0.05,3.293957233428955,,14.634317398071289,,,,
20560,514,train,-1.3833333333333335,40,0,0.0,0.05,0.5669915676116943,,16.055147171020508,,,,
20600,515,train,0.5166666666666664,40,0,0.0,0.05,14.13988971710205,,15.600139617919922,,,,
20640,516,train,-0.2666666666666667,40,0,0.0,0.05,0.6177513599395752,,13.919292449951172,,,,
20680,517,train,0.19999999999999984,40,0,0.0,0.05,7.40830659866333,,14.409923553466797,,,,
20720,518,train,-0.41666666666666646,40,0,0.0,0.05,6.623716354370117,,14.446694374084473,,,,
20760,519,train,-1.2500000000000002,40,0,0.0,0.05,2.317793369293213,,13.566195487976074,,,,
20800,520,train,-1.2333333333333338,40,0,0.0,0.05,0.4741937816143036,,14.89511489868164,,,,
20840,521,train,-1.2166666666666668,40,0,0.0,0.05,2.125174045562744,,14.755863189697266,,,,
20880,522,train,0.016666666666666517,40,0,0.0,0.05,4.6841020584106445,,16.179443359375,,,,
20920,523,train,-0.11666666666666686,40,0,0.0,0.05,0.4286876320838928,,14.327000617980957,,,,
20960,524,train,-0.3666666666666667,40,0,0.0,0.05,7.47533655166626,,14.862419128417969,,,,
21000,525,train,-0.8500000000000001,40,0,0.0,0.05,0.38256317377090454,,13.70033073425293,,,,
21040,526,train,-1.2499999999999998,40,0,0.0,0.05,1.9727545976638794,,15.438989639282227,,,,
21080,527,train,0.08333333333333315,40,0,0.0,0.05,6.140563488006592,,15.204156875610352,,,,
21120,528,train,-0.7500000000000001,40,0,0.0,0.05,8.232105255126953,,14.570036888122559,,,,
21160,529,train,0.6833333333333332,40,0,0.0,0.05,7.1540751457214355,,14.718389511108398,,,,
21200,530,train,-1.4500000000000006,40,0,0.0,0.05,0.3263191282749176,,14.108234405517578,,,,
21240,531,train,0.4833333333333338,40,0,0.0,0.05,9.386451721191406,,14.335633277893066,,,,
21280,532,train,-2.416666666666668,40,0,0.0,0.05,2.1324310302734375,,15.098207473754883,,,,
21320,533,train,-0.33333333333333354,40,0,0.0,0.05,12.447807312011719,,14.008179664611816,,,,
21360,534,train,-0.20000000000000026,40,0,0.0,0.05,9.151694297790527,,16.130048751831055,,,,
21400,535,train,-1.0833333333333337,40,0,0.0,0.05,5.586747169494629,,14.083240509033203,,,,
21440,536,train,-0.16666666666666669,40,0,0.0,0.05,4.279181957244873,,13.893016815185547,,,,
21480,537,train,0.08333333333333309,40,0,0.0,0.05,11.078598022460938,,14.584251403808594,,,,
21520,538,train,-2.0333333333333328,40,0,0.0,0.05,1.3463581800460815,,13.735174179077148,,,,
21560,539,train,0.6999999999999998,40,0,0.0,0.05,5.966423988342285,,14.242704391479492,,,,
21600,540,train,-2.000000000000001,40,0,0.0,0.05,4.763496398925781,,15.074292182922363,,,,
21640,541,train,-0.7333333333333335,40,0,0.0,0.05,0.40328502655029297,,14.014639854431152,,,,
21680,542,train,-1.4333333333333333,40,0,0.0,0.05,1.76149582862854,,14.722185134887695,,,,
21720,543,train,0.35,40,0,0.0,0.05,3.4868874549865723,,14.62951946258545,,,,
21760,544,train,-1.7333333333333318,40,0,0.0,0.05,2.80607271194458,,12.727670669555664,,,,
21800,545,train,-0.3833333333333333,40,0,0.0,0.05,0.37069785594940186,,14.748468399047852,,,,
21840,546,train,-1.8333333333333341,40,0,0.0,0.05,9.260278701782227,,14.478151321411133,,,,
21880,547,train,-1.7499999999999998,40,0,0.0,0.05,4.3670573234558105,,14.091814041137695,,,,
21920,548,train,0.5500000000000004,40,0,0.0,0.05,22.14370346069336,,15.258970260620117,,,,
21960,549,train,-1.0499999999999998,40,0,0.0,0.05,2.844874620437622,,13.743206024169922,,,,
22000,550,train,0.5000000000000002,40,0,0.0,0.05,1.634822964668274,,17.11957550048828,,,,
22040,551,train,0.30000000000000004,40,0,0.0,0.05,0.3288094997406006,,13.785266876220703,,,,
22080,552,train,-0.5000000000000001,40,0,0.0,0.05,23.901084899902344,,13.727760314941406,,,,
22120,553,train,-0.6333333333333335,40,0,0.0,0.05,10.584845542907715,,18.22710418701172,,,,
22160,554,train,0.3666666666666665,40,0,0.0,0.05,9.86178207397461,,13.209662437438965,,,,
22200,555,train,-0.5833333333333335,40,0,0.0,0.05,13.18820858001709,,14.668258666992188,,,,
22240,556,train,-0.33333333333333354,40,0,0.0,0.05,2.409924030303955,,14.636231422424316,,,,
22280,557,train,-0.6000000000000001,40,0,0.0,0.05,6.033838272094727,,14.092696189880371,,,,
22320,558,train,-0.4166666666666667,40,0,0.0,0.05,1.4777776002883911,,14.104982376098633,,,,
22360,559,train,-1.3333333333333335,40,0,0.0,0.05,5.342624664306641,,14.35306167602539,,,,
22400,560,train,-0.1666666666666667,40,0,0.0,0.05,0.42711544036865234,,14.320577621459961,,,,
22440,561,train,0.20000000000000007,40,0,0.0,0.05,3.095947027206421,,15.836833000183105,,,,
22480,562,train,-1.5500000000000005,40,0,0.0,0.05,7.521978378295898,,14.199414253234863,,,,
22520,563,train,-0.8333333333333334,40,0,0.0,0.05,0.43894124031066895,,14.522167205810547,,,,
22560,564,train,-0.49999999999999994,40,0,0.0,0.05,0.6772316098213196,,12.912069320678711,,,,
22600,565,train,-0.4333333333333334,40,0,0.0,0.05,1.8059148788452148,,13.054157257080078,,,,
22640,566,train,-1.0000000000000002,40,0,0.0,0.05,13.300902366638184,,14.861936569213867,,,,
22680,567,train,-1.166666666666667,40,0,0.0,0.05,0.48751115798950195,,14.077518463134766,,,,
22720,568,train,-0.9833333333333333,40,0,0.0,0.05,0.367916077375412,,13.716001510620117,,,,
22760,569,train,0.5666666666666669,40,0,0.0,0.05,5.027096748352051,,14.31550407409668,,,,
22800,570,train,0.5000000000000009,40,0,0.0,0.05,2.680694341659546,,13.626779556274414,,,,
22840,571,train,-1.734723475976807e-16,40,0,0.0,0.05,11.880800247192383,,13.696395874023438,,,,
22880,572,train,-0.31666666666666676,40,0,0.0,0.05,5.510269641876221,,13.593048095703125,,,,
22920,573,train,0.7000000000000004,40,0,0.0,0.05,0.43825510144233704,,14.488004684448242,,,,
22960,574,train,-1.4333333333333333,40,0,0.0,0.05,5.47313117980957,,14.585588455200195,,,,
23000,575,train,-0.6166666666666667,40,0,0.0,0.05,0.495808482170105,,13.968994140625,,,,
23040,576,train,-0.15000000000000005,40,0,0.0,0.05,2.5161314010620117,,12.658674240112305,,,,
23080,577,train,-0.5999999999999999,40,0,0.0,0.05,12.162771224975586,,13.441028594970703,,,,
23120,578,train,-0.5833333333333335,40,0,0.0,0.05,14.991202354431152,,13.16515827178955,,,,
23160,579,train,-0.6333333333333334,40,0,0.0,0.05,2.5505123138427734,,13.826641082763672,,,,
23200,580,train,0.3166666666666667,40,0,0.0,0.05,5.659618377685547,,13.087813377380371,,,,
23240,581,train,0.5833333333333334,40,0,0.0,0.05,3.974271297454834,,13.46330738067627,,,,
23280,582,train,0.14999999999999974,40,0,0.0,0.05,11.85290813446045,,13.93675708770752,,,,
23320,583,train,-0.9499999999999998,40,0,0.0,0.05,1.8413734436035156,,13.116132736206055,,,,
23360,584,train,-1.8000000000000003,40,0,0.0,0.05,2.0924172401428223,,14.4253568649292,,,,
23400,585,train,-0.9166666666666671,40,0,0.0,0.05,4.718273639678955,,14.227283477783203,,,,
23440,586,train,-2.7166666666666672,40,0,0.0,0.05,4.786317348480225,,12.52829360961914,,,,
23480,587,train,-0.016666666666666753,40,0,0.0,0.05,3.9561879634857178,,12.401859283447266,,,,
23520,588,train,-1.2833333333333334,40,0,0.0,0.05,2.1835200786590576,,13.444646835327148,,,,
23560,589,train,-0.41666666666666663,40,0,0.0,0.05,5.265205383300781,,15.026161193847656,,,,
23600,590,train,-0.0833333333333334,40,0,0.0,0.05,15.571739196777344,,14.456341743469238,,,,
23640,591,train,-0.13333333333333303,40,0,0.0,0.05,4.368134498596191,,15.167561531066895,,,,
23680,592,train,-0.3333333333333337,40,0,0.0,0.05,1.0904576778411865,,13.765790939331055,,,,
23720,593,train,-3.1833333333333345,40,0,0.0,0.05,3.0316686630249023,,13.826017379760742,,,,
23760,594,train,-1.4333333333333342,40,0,0.0,0.05,4.647754192352295,,14.12051010131836,,,,
23800,595,train,0.15000000000000008,40,0,0.0,0.05,3.7304162979125977,,12.785442352294922,,,,
23840,596,train,0.01666666666666638,40,0,0.0,0.05,4.875017166137695,,13.000024795532227,,,,
23880,597,train,-1.1666666666666665,40,0,0.0,0.05,6.081004619598389,,13.263078689575195,,,,
23920,598,train,-0.43333333333333357,40,0,0.0,0.05,2.2005162239074707,,13.726892471313477,,,,
23960,599,train,-0.11666666666666685,40,0,0.0,0.05,30.35230255126953,,12.532442092895508,,,,
24000,600,train,0.3166666666666665,40,0,0.0,0.05,0.49526864290237427,,13.923836708068848,,,,
24000,600,eval,,,,,0.05,,,,-1.0050000000000001,1.09458388846579,0.0,40.0
24040,601,train,-0.33333333333333354,40,0,0.0,0.05,7.081735610961914,,15.226022720336914,,,,
24080,602,train,-0.6833333333333333,40,0,0.0,0.05,0.3415977358818054,,12.836690902709961,,,,
24120,603,train,-0.45000000000000034,40,0,0.0,0.05,8.363489151000977,,14.849618911743164,,,,
24160,604,train,-0.13333333333333341,40,0,0.0,0.05,3.5456786155700684,,13.267693519592285,,,,
24200,605,train,-2.6000000000000014,40,0,0.0,0.05,2.766693592071533,,13.89900016784668,,,,
24240,606,train,-0.35000000000000014,40,0,0.0,0.05,6.821368217468262,,12.902501106262207,,,,
24280,607,train,-1.2833333333333339,40,0,0.0,0.05,3.1328344345092773,,13.31706428527832,,,,
24320,608,train,-5.333333333333335,40,0,0.0,0.05,0.36884957551956177,,13.215729713439941,,,,
24360,609,train,-0.8000000000000003,40,0,0.0,0.05,7.360569000244141,,13.315303802490234,,,,
24400,610,train,-0.4166666666666669,40,0,0.0,0.05,0.24899449944496155,,14.181425094604492,,,,
24440,611,train,-0.08333333333333348,40,0,0.0,0.05,0.266808420419693,,11.678284645080566,,,,
24480,612,train,-1.7333333333333338,40,0,0.0,0.05,5.188791751861572,,12.347167015075684,,,,
24520,613,train,0.3000000000000001,40,0,0.0,0.05,2.185499906539917,,15.010457992553711,,,,
24560,614,train,-0.5,40,0,0.0,0.05,5.721364498138428,,13.952361106872559,,,,
24600,615,train,-1.0500000000000003,40,0,0.0,0.05,0.44594812393188477,,14.53181266784668,,,,
24640,616,train,0.666666666666667,40,0,0.0,0.05,3.9128546714782715,,14.560823440551758,,,,
24680,617,train,-0.1,40,0,0.0,0.05,4.385147571563721,,12.795464515686035,,,,
24720,618,train,-0.183333333333333,40,0,0.0,0.05,1.8290609121322632,,15.106904983520508,,,,
24760,619,train,-1.2499999999999996,40,0,0.0,0.05,9.995196342468262,,13.74141788482666,,,,
24800,620,train,-0.4833333333333335,40,0,0.0,0.05,12.996975898742676,,15.046616554260254,,,,
24840,621,train,-0.7,40,0,0.0,0.05,3.9802863597869873,,13.32730484008789,,,,
24880,622,train,-0.28333333333333355,40,0,0.0,0.05,7.065609931945801,,14.227423667907715,,,,
24920,623,train,-0.16666666666666624,40,0,0.0,0.05,1.38298761844635,,15.483673095703125,,,,
24960,624,train,-0.5666666666666669,40,0,0.0,0.05,1.2423491477966309,,13.783252716064453,,,,
25000,625,train,-0.5000000000000001,40,0,0.0,0.05,8.763479232788086,,14.054532051086426,,,,
25040,626,train,-0.5166666666666668,40,0,0.0,0.05,0.9179279804229736,,12.329980850219727,,,,
25080,627,train,-2.650000000000001,40,0,0.0,0.05,1.1424165964126587,,13.163789749145508,,,,
25120,628,train,-1.5666666666666669,40,0,0.0,0.05,15.768178939819336,,14.07948112487793,,,,
25160,629,train,0.46666666666666656,40,0,0.0,0.05,8.296807289123535,,14.518349647521973,,,,
25200,630,train,-2.4500000000000006,40,0,0.0,0.05,12.193925857543945,,14.565463066101074,,,,
25240,631,train,0.33333333333333315,40,0,0.0,0.05,15.255876541137695,,12.92011833190918,,,,
25280,632,train,-0.9666666666666661,40,0,0.0,0.05,0.40675610303878784,,15.278352737426758,,,,
25320,633,train,-0.5833333333333335,40,0,0.0,0.05,24.09880828857422,,14.49267292022705,,,,
25360,634,train,-0.466666666666667,40,0,0.0,0.05,6.211640357971191,,14.045171737670898,,,,
25400,635,train,0.03333333333333322,40,0,0.0,0.05,0.2910419702529907,,14.264151573181152,,,,
25440,636,train,-1.7333333333333338,40,0,0.0,0.05,10.08139419555664,,12.803823471069336,,,,
25480,637,train,0.21666666666666667,40,0,0.0,0.05,3.047180414199829,,14.244226455688477,,,,
25520,638,train,-0.4166666666666668,40,0,0.0,0.05,0.6441973447799683,,13.610420227050781,,,,
25560,639,train,-0.45000000000000007,40,0,0.0,0.05,2.9386534690856934,,14.843671798706055,,,,
25600,640,train,-0.3500000000000002,40,0,0.0,0.05,0.4396659731864929,,13.445432662963867,,,,
25640,641,train,-0.10000000000000023,40,0,0.0,0.05,1.2970912456512451,,15.960189819335938,,,,
25680,642,train,-1.7694179454963432e-16,40,0,0.0,0.05,9.533485412597656,,14.436964988708496,,,,
25720,643,train,-0.6833333333333336,40,0,0.0,0.05,0.8729723691940308,,14.721059799194336,,,,
25760,644,train,-0.7833333333333332,40,0,0.0,0.05,2.9228575229644775,,13.748355865478516,,,,
25800,645,train,-1.2000000000000006,40,0,0.0,0.05,0.8317164182662964,,14.135629653930664,,,,
25840,646,train,-0.0833333333333335,40,0,0.0,0.05,3.585763454437256,,13.752714157104492,,,,
25880,647,train,-0.46666666666666695,40,0,0.0,0.05,3.210080862045288,,15.70445442199707,,,,
25920,648,train,-0.8333333333333333,40,0,0.0,0.05,5.9818315505981445,,15.086008071899414,,,,
25960,649,train,-1.3166666666666653,40,0,0.0,0.05,4.111118316650391,,12.876985549926758,,,,
26000,650,train,-2.0833333333333335,40,0,0.0,0.05,5.025128364562988,,14.801137924194336,,,,
26040,651,train,-0.6500000000000002,40,0,0.0,0.05,20.82798194885254,,13.76688289642334,,,,
26080,652,train,-1.5000000000000007,40,0,0.0,0.05,3.543027877807617,,15.159099578857422,,,,
26120,653,train,0.3666666666666669,40,0,0.0,0.05,10.256731033325195,,13.129749298095703,,,,
26160,654,train,-1.5,40,0,0.0,0.05,31.518421173095703,,15.755699157714844,,,,
26200,655,train,-0.33333333333333354,40,0,0.0,0.05,11.049140930175781,,14.091404914855957,,,,
26240,656,train,-0.5500000000000002,40,0,0.0,0.05,0.44226017594337463,,12.552321434020996,,,,
26280,657,train,-0.14999999999999988,40,0,0.0,0.05,4.350498199462891,,13.231866836547852,,,,
26320,658,train,0.8166666666666672,40,0,0.0,0.05,25.64940643310547,,13.706993103027344,,,,
26360,659,train,0.583333333333333,40,0,0.0,0.05,1.0752604007720947,,12.778306007385254,,,,
26400,660,train,-1.1666666666666667,40,0,0.0,0.05,5.418094635009766,,14.02453899383545,,,,
26440,661,train,0.0666666666666665,40,0,0.0,0.05,14.966914176940918,,15.64678955078125,,,,
26480,662,train,0.583333333333333,40,0,0.0,0.05,17.236373901367188,,15.2219820022583,,,,
26520,663,train,-0.6833333333333333,40,0,0.0,0.05,1.6401845216751099,,12.258069038391113,,,,
26560,664,train,-0.4666666666666668,40,0,0.0,0.05,0.33375996351242065,,13.313456535339355,,,,
26600,665,train,-2.2166666666666677,40,0,0.0,0.05,1.6227505207061768,,14.518310546875,,,,
26640,666,train,0.04999999999999979,40,0,0.0,0.05,3.6773786544799805,,15.153157234191895,,,,
26680,667,train,-0.3666666666666668,40,0,0.0,0.05,0.6097623109817505,,13.985122680664062,,,,
26720,668,train,-0.8666666666666669,40,0,0.0,0.05,10.765554428100586,,15.112821578979492,,,,
26760,669,train,0.23333333333333317,40,0,0.0,0.05,36.083595275878906,,15.718249320983887,,,,
26800,670,train,-0.8833333333333335,40,0,0.0,0.05,7.131329536437988,,14.2697114944458,,,,
26840,671,train,-0.16666666666666674,40,0,0.0,0.05,5.4911274909973145,,14.467126846313477,,,,
26880,672,train,0.6166666666666667,40,0,0.0,0.05,0.36952000856399536,,14.888954162597656,,,,
26920,673,train,-1.8166666666666675,40,0,0.0,0.05,10.253337860107422,,14.26374626159668,,,,
26960,674,train,-2.816666666666668,40,0,0.0,0.05,18.54568099975586,,12.858694076538086,,,,
27000,675,train,-0.21666666666666695,40,0,0.0,0.05,0.719062089920044,,14.118680000305176,,,,
27040,676,train,-1.3333333333333337,40,0,0.0,0.05,34.188899993896484,,16.943458557128906,,,,
27080,677,train,-0.6000000000000004,40,0,0.0,0.05,1.9534473419189453,,13.836563110351562,,,,
27120,678,train,-0.6499999999999999,40,0,0.0,0.05,3.880340099334717,,12.305506706237793,,,,
27160,679,train,-0.41666666666666685,40,0,0.0,0.05,6.020829677581787,,12.514911651611328,,,,
27200,680,train,-0.5166666666666669,40,0,0.0,0.05,24.906604766845703,,15.221299171447754,,,,
27240,681,train,-0.2166666666666669,40,0,0.0,0.05,3.6323633193969727,,16.217069625854492,,,,
27280,682,train,-0.08333333333333334,40,0,0.0,0.05,8.240309715270996,,15.12922191619873,,,,
27320,683,train,0.40000000000000063,40,0,0.0,0.05,6.485060691833496,,13.046607971191406,,,,
27360,684,train,0.033333333333333104,40,0,0.0,0.05,5.971536636352539,,13.66574478149414,,,,
27400,685,train,-0.13333333333333336,40,0,0.0,0.05,23.97956657409668,,13.949836730957031,,,,
27440,686,train,-0.3333333333333335,40,0,0.0,0.05,0.40782687067985535,,14.107358932495117,,,,
27480,687,train,-0.4000000000000002,40,0,0.0,0.05,6.868295192718506,,13.647276878356934,,,,
27520,688,train,0.33333333333333354,40,0,0.0,0.05,27.216094970703125,,13.502571105957031,,,,
27560,689,train,-0.6666666666666666,40,0,0.0,0.05,11.559595108032227,,12.90726089477539,,,,
27600,690,train,-0.6666666666666665,40,0,0.0,0.05,7.331758499145508,,13.349647521972656,,,,
27640,691,train,-0.0833333333333335,40,0,0.0,0.05,13.83745002746582,,15.4418363571167,,,,
27680,692,train,-0.9833333333333335,40,0,0.0,0.05,4.162952423095703,,13.65313720703125,,,,
27720,693,train,-0.1666666666666667,40,0,0.0,0.05,14.2315092086792,,15.361370086669922,,,,
27760,694,train,-1.7500000000000002,40,0,0.0,0.05,6.446242809295654,,13.305092811584473,,,,
27800,695,train,-2.3000000000000003,40,0,0.0,0.05,4.877552509307861,,12.312990188598633,,,,
27840,696,train,-1.7333333333333334,40,0,0.0,0.05,1.9078559875488281,,15.710286140441895,,,,
27880,697,train,-0.2166666666666668,40,0,0.0,0.05,5.176108360290527,,13.381904602050781,,,,
27920,698,train,-0.48333333333333356,40,0,0.0,0.05,0.38732263445854187,,13.126884460449219,,,,
27960,699,train,-1.283333333333333,40,0,0.0,0.05,7.775782108306885,,13.574237823486328,,,,
28000,700,train,-0.65,40,0,0.0,0.05,3.397515058517456,,12.479736328125,,,,
28000,700,eval,,,,,0.05,,,,-0.6575,0.8809476431661535,0.0,40.0
28040,701,train,-0.7166666666666666,40,0,0.0,0.05,15.29524040222168,,14.114649772644043,,,,
28080,702,train,-0.5333333333333333,40,0,0.0,0.05,5.835534572601318,,12.496435165405273,,,,
28120,703,train,0.7999999999999999,40,0,0.0,0.05,4.859911918640137,,14.795427322387695,,,,
28160,704,train,0.566666666666667,40,0,0.0,0.05,7.796832084655762,,13.01746940612793,,,,
28200,705,train,-0.3833333333333332,40,0,0.0,0.05,2.7537360191345215,,12.28123664855957,,,,
28240,706,train,-1.3833333333333337,40,0,0.0,0.05,1.0055334568023682,,13.459325790405273,,,,
28280,707,train,-0.8166666666666669,40,0,0.0,0.05,0.7529850006103516,,13.480146408081055,,,,
28320,708,train,-0.7333333333333333,40,0,0.0,0.05,2.1452300548553467,,13.752604484558105,,,,
28360,709,train,-0.5333333333333333,40,0,0.0,0.05,11.1788911819458,,14.127262115478516,,,,
28400,710,train,-0.7666666666666666,40,0,0.0,0.05,0.5554576516151428,,14.941198348999023,,,,
28440,711,train,-0.4833333333333335,40,0,0.0,0.05,2.9692256450653076,,14.399293899536133,,,,
28480,712,train,-0.7833333333333335,40,0,0.0,0.05,15.955578804016113,,13.306500434875488,,,,
28520,713,train,0.5666666666666667,40,0,0.0,0.05,0.420804500579834,,15.482362747192383,,,,
28560,714,train,-0.15,40,0,0.0,0.05,6.1817121505737305,,14.932859420776367,,,,
28600,715,train,-0.41666666666666685,40,0,0.0,0.05,0.389412522315979,,14.179841995239258,,,,
28640,716,train,-1.0500000000000003,40,0,0.0,0.05,3.107466220855713,,12.04287338256836,,,,
28680,717,train,-1.5333333333333337,40,0,0.0,0.05,2.7894890308380127,,12.857246398925781,,,,
28720,718,train,-1.3,40,0,0.0,0.05,16.281375885009766,,13.330705642700195,,,,
28760,719,train,-0.75,40,0,0.0,0.05,1.1770496368408203,,11.382501602172852,,,,
28800,720,train,-0.03333333333333347,40,0,0.0,0.05,1.2432162761688232,,12.540956497192383,,,,
28840,721,train,-2.7,40,0,0.0,0.05,1.660775899887085,,13.795478820800781,,,,
28880,722,train,-1.0333333333333337,40,0,0.0,0.05,6.078935146331787,,13.311943054199219,,,,
28920,723,train,-0.8166666666666665,40,0,0.0,0.05,3.6810622215270996,,14.588872909545898,,,,
28960,724,train,-0.10000000000000014,40,0,0.0,0.05,0.41163790225982666,,14.502944946289062,,,,
29000,725,train,-0.9999999999999996,40,0,0.0,0.05,3.68511962890625,,13.908086776733398,,,,
29040,726,train,-1.133333333333333,40,0,0.0,0.05,7.324619293212891,,14.349893569946289,,,,
29080,727,train,-1.2666666666666673,40,0,0.0,0.05,2.156432867050171,,14.116800308227539,,,,
29120,728,train,-0.10000000000000006,40,0,0.0,0.05,17.696550369262695,,13.156883239746094,,,,
29160,729,train,0.4000000000000004,40,0,0.0,0.05,0.3370763659477234,,11.888714790344238,,,,
29200,730,train,-1.2666666666666666,40,0,0.0,0.05,14.321377754211426,,12.357789993286133,,,,
29240,731,train,-0.10000000000000012,40,0,0.0,0.05,0.848635196685791,,14.119064331054688,,,,
29280,732,train,-2.4000000000000017,40,0,0.0,0.05,8.468523979187012,,13.434064865112305,,,,
29320,733,train,-0.6833333333333335,40,0,0.0,0.05,0.6839882135391235,,12.909339904785156,,,,
29360,734,train,-0.9500000000000001,40,0,0.0,0.05,9.374156951904297,,13.234452247619629,,,,
29400,735,train,-0.9833333333333337,40,0,0.0,0.05,4.127058029174805,,13.691447257995605,,,,
29440,736,train,-1.0499999999999992,40,0,0.0,0.05,1.3792884349822998,,10.417444229125977,,,,
29480,737,train,-1.316666666666667,40,0,0.0,0.05,3.1011600494384766,,13.596797943115234,,,,
29520,738,train,-3.1833333333333345,40,0,0.0,0.05,0.47483205795288086,,14.677730560302734,,,,
29560,739,train,-0.5000000000000001,40,0,0.0,0.05,2.159853219985962,,15.027339935302734,,,,
29600,740,train,-1.5666666666666669,40,0,0.0,0.05,2.044909954071045,,13.78024673461914,,,,
29640,741,train,0.39999999999999997,40,0,0.0,0.05,2.5155563354492188,,14.705545425415039,,,,
29680,742,train,-0.5666666666666668,40,0,0.0,0.05,1.2336866855621338,,14.288400650024414,,,,
29720,743,train,-0.5166666666666669,40,0,0.0,0.05,3.3969852924346924,,13.064823150634766,,,,
29760,744,train,-1.7500000000000002,40,0,0.0,0.05,0.3041767477989197,,12.983203887939453,,,,
29800,745,train,0.14999999999999986,40,0,0.0,0.05,0.3123764395713806,,13.307851791381836,,,,
29840,746,train,0.09999999999999987,40,0,0.0,0.05,0.2583061456680298,,15.064197540283203,,,,
29880,747,train,0.3833333333333339,40,0,0.0,0.05,8.866233825683594,,14.221803665161133,,,,
29920,748,train,-0.08333333333333316,40,0,0.0,0.05,0.403456449508667,,14.725386619567871,,,,
29960,749,train,-2.6333333333333333,40,0,0.0,0.05,0.4401559829711914,,12.517006874084473,,,,
30000,750,train,-1.1166666666666667,40,0,0.0,0.05,2.4834699630737305,,12.023359298706055,,,,
