n,bibtex_key,doi_submitted,doi_in_bib,resolution_check,note
1,tan_1993_marl,10.1016/B978-1-55860-307-3.50049-6,10.1016/B978-1-55860-307-3.50049-6,resolves (verified via doi.org),
2,shoham_1995_sociallaws,10.1016/0004-3702(94)00007-N,10.1016/0004-3702(94)00007-N,resolves (verified via doi.org),
3,guestrin_2001_factoredmdp,NO DOI ASSIGNED,,no DOI assigned by publisher,
4,guestrin_2002_contextspecific,10.5555/777092.777134,,submitted DOI does not resolve,DROPPED: submitted 10.5555/777092.777134 returns HTTP 404; AAAI-02 predates ojs.aaai.org DOI coverage and Crossref has no record. No DOI emitted.
5,guestrin_2002_coordrl,NO DOI ASSIGNED,,no DOI assigned by publisher,
6,guestrin_2003_factoredmdp_jair,10.1613/jair.1000,10.1613/jair.1000,resolves (verified via doi.org),
7,kok_2004_sparseq,10.1145/1015330.1015410,10.1145/1015330.1015410,resolves (verified via doi.org),
8,modi_2005_adopt,10.1016/j.artint.2004.09.003,10.1016/j.artint.2004.09.003,resolves (verified via doi.org),
9,panait_2005_cooperativemarl,10.1007/s10458-005-2631-2,10.1007/s10458-005-2631-2,resolves (verified via doi.org),"Valid DOI, but entry is uncited so it does not appear in the bibliography."
10,kok_2006_payoffprop,NO DOI ASSIGNED,,no DOI assigned by publisher,
11,melo_2009_sparseinteractions,10.1145/1558109.1558118,10.65109/lfas8458,resolves (verified via doi.org),CORRECTED: submitted 10.1145/1558109.1558118 returns HTTP 404; replaced with IFAAMAS DOI which resolves to the same ACM record (10.5555/1558109.1558118)
12,melo_2011_decsimdp,10.1016/j.artint.2011.05.001,10.1016/j.artint.2011.05.001,resolves (verified via doi.org),
13,foerster_2016_rial_dial,10.48550/arXiv.1605.06676,10.48550/arXiv.1605.06676,resolves (verified via doi.org),
14,oliehoek_2016_decpomdp,10.1007/978-3-319-28929-8,10.1007/978-3-319-28929-8,resolves (verified via doi.org),
15,sukhbaatar_2016_commnet,10.48550/arXiv.1605.07736,10.48550/arXiv.1605.07736,resolves (verified via doi.org),
16,vanhasselt_2016_doubledqn,10.1609/aaai.v30i1.10295,10.1609/aaai.v30i1.10295,resolves (verified via doi.org),
17,kipf_2017_gcn,10.48550/arXiv.1609.02907,10.48550/arXiv.1609.02907,resolves (verified via doi.org),
18,lowe_2017_maddpg,10.48550/arXiv.1706.02275,10.48550/arXiv.1706.02275,resolves (verified via doi.org),
19,battaglia_2018_gn,10.48550/arXiv.1806.01261,10.48550/arXiv.1806.01261,resolves (verified via doi.org),
20,fioretto_2018_dcopsurvey,10.1613/jair.5565,10.1613/jair.5565,resolves (verified via doi.org),
21,henderson_2018_drlmatters,10.1609/aaai.v32i1.11694,10.1609/aaai.v32i1.11694,resolves (verified via doi.org),
22,jiang_2018_atoc,10.48550/arXiv.1805.07733,10.48550/arXiv.1805.07733,resolves (verified via doi.org),
23,li_2018_oversmoothing,10.1609/aaai.v32i1.11604,10.1609/aaai.v32i1.11604,resolves (verified via doi.org),
24,rashid_2018_qmix,10.48550/arXiv.1803.11485,10.48550/arXiv.1803.11485,resolves (verified via doi.org),
25,sunehag_2018_vdn,10.65109/jsrc7365,10.65109/jsrc7365,resolves (verified via doi.org),
26,velickovic_2018_gat,10.48550/arXiv.1710.10903,10.48550/arXiv.1710.10903,resolves (verified via doi.org),
27,das_2019_tarmac,10.48550/arXiv.1810.11187,10.48550/arXiv.1810.11187,resolves (verified via doi.org),
28,mahajan_2019_maven,10.48550/arXiv.1910.07483,10.48550/arXiv.1910.07483,resolves (verified via doi.org),
29,samvelyan_2019_smac,10.65109/lvzz5205,10.65109/lvzz5205,resolves (verified via doi.org),
30,singh_2019_ic3net,10.48550/arXiv.1812.09755,10.48550/arXiv.1812.09755,resolves (verified via doi.org),
31,son_2019_qtran,10.48550/arXiv.1905.05408,10.48550/arXiv.1905.05408,resolves (verified via doi.org),
32,xu_2019_gin,10.48550/arXiv.1810.00826,10.48550/arXiv.1810.00826,resolves (verified via doi.org),
33,boehmer_2020_dcg,10.48550/arXiv.1910.00091,10.48550/arXiv.1910.00091,resolves (verified via doi.org),
34,jiang_2020_dgn,10.48550/arXiv.1810.09202,10.48550/arXiv.1810.09202,resolves (verified via doi.org),
35,liu_2020_g2anet,10.1609/aaai.v34i05.6211,10.1609/aaai.v34i05.6211,resolves (verified via doi.org),
36,naderializadeh_2020_graphmix,10.48550/arXiv.2010.04740,10.48550/arXiv.2010.04740,resolves (verified via doi.org),
37,rashid_2020_qmix_jmlr,10.48550/arXiv.2003.08839,10.48550/arXiv.2003.08839,resolves (verified via doi.org),
38,agarwal_2021_precipice,10.48550/arXiv.2108.13264,10.48550/arXiv.2108.13264,resolves (verified via doi.org),
39,alon_2021_oversquashing,10.48550/arXiv.2006.05205,10.48550/arXiv.2006.05205,resolves (verified via doi.org),
40,li_2021_dicg,10.65109/czoy2835,10.65109/czoy2835,resolves (verified via doi.org),
41,papoudakis_2021_benchmarking,10.48550/arXiv.2006.07869,10.48550/arXiv.2006.07869,resolves (verified via doi.org),
42,terry_2021_pettingzoo,10.48550/arXiv.2009.14471,10.48550/arXiv.2009.14471,resolves (verified via doi.org),
43,wang_2021_qplex,10.48550/arXiv.2008.01062,10.48550/arXiv.2008.01062,resolves (verified via doi.org),
44,kang_2022_nonlinearcg,10.52202/068431-1860,10.52202/068431-1860,resolves (verified via doi.org),
45,wang_2022_casec,10.48550/arXiv.2106.02886,10.48550/arXiv.2106.02886,resolves (verified via doi.org),
46,yu_2022_mappo,10.52202/068431-1787,10.52202/068431-1787,resolves (verified via doi.org),
47,duan_2024_gacg,10.24963/ijcai.2024/434,10.24963/ijcai.2024/434,resolves (verified via doi.org),"KEPT despite Crossref title mismatch: doi.org redirects to ijcai.org/proceedings/2024/434, which the publisher titles as this paper. Crossref metadata for the IJCAI 2024 batch is stale."
48,duan_2024_ltscg,10.1109/TNNLS.2024.3513402,10.1109/TNNLS.2024.3513402,resolves (verified via doi.org),
49,li_2025_expocomm,10.48550/arXiv.2502.19717,10.48550/arXiv.2502.19717,resolves (verified via doi.org),
50,utke_2025_relabstraction,10.1609/aaai.v39i20.35390,10.1609/aaai.v39i20.35390,resolves (verified via doi.org),
51,cuzinrambaud_2026_survey,10.48550/arXiv.2604.25972,10.48550/arXiv.2604.25972,resolves (verified via doi.org),
52,gupta_2026_dmcg,10.65109/iikc6491,10.65109/iikc6491,resolves (verified via doi.org),
